Nom,Adresse,Horaires,Services,Prix
Matabiau D√©capsule Club,"74 Rue Matabiau, 31000 Toulouse","Lundi : 17:00 - 00:00, Mardi : 17:00 - 00:00, Mercredi : 17:00 - 02:00, Jeudi : 17:00 - 02:00, Vendredi : 17:00 - 02:00, Samedi : 15:00 - 03:00, Dimanche : 15:00 - 00:00","Terrasse, Diffusion de matchs, Fl√©chettes","{'charlie wells(50cl)': {'nom': 'Charlie Wells(50cl)', 'happyhour': '5,20\xa0‚Ç¨', 'tarif normal': '-'}, 'bombardier(50cl)': {'nom': 'Bombardier(50cl)', 'happyhour': '5,50\xa0‚Ç¨', 'tarif normal': '-'}, 'aaaaaaaaaaaaaa': {'nom': 'aaaaaaaaaaaaaa', 'happyhour': '4,00\xa0‚Ç¨', 'tarif normal': '8,00\xa0‚Ç¨'}, 'aaaaaaaaaaa': {'nom': 'aaaaaaaaaaa', 'happyhour': '2,00\xa0‚Ç¨', 'tarif normal': '7,00\xa0‚Ç¨'}, 'aaaaaaaaaaaaaaaaa': {'nom': 'aaaaaaaaaaaaaaaaa', 'happyhour': '1,00\xa0‚Ç¨', 'tarif normal': '3,00\xa0‚Ç¨'}, 'aaaaaaaaaaaaaaaa': {'nom': 'aaaaaaaaaaaaaaaa', 'happyhour': '8,00\xa0‚Ç¨', 'tarif normal': '2,00\xa0‚Ç¨'}, 'aaaaaaaaaaaaa': {'nom': 'aaaaaaaaaaaaa', 'happyhour': '1,00\xa0‚Ç¨', 'tarif normal': '5,00\xa0‚Ç¨'}, 'aaaaaaaaaaaa': {'nom': 'aaaaaaaaaaaa', 'happyhour': '3,00\xa0‚Ç¨', 'tarif normal': '3,00\xa0‚Ç¨'}}"
Tom Pouce,"4 Place Roger Salengro, 31000 Toulouse","Lundi : 18:00 - 02:00, Mardi : 18:00 - 02:00, Mercredi : 18:00 - 02:00, Jeudi : 18:00 - 02:00, Vendredi : 18:00 - 02:00, Samedi : 18:00 - 03:00, Dimanche : Ferm√©","Terrasse, Concerts / Musique Live","{'bouteille de planteur(2cl)': {'nom': 'Bouteille de planteur(2cl)', 'happyhour': '15,00\xa0‚Ç¨', 'tarif normal': '-'}, 'bi√®re(50cl)': {'nom': 'Bi√®re(50cl)', 'happyhour': '5,00\xa0‚Ç¨', 'tarif normal': '-'}, 'aaaaaaaaaaaaaaaa': {'nom': 'aaaaaaaaaaaaaaaa', 'happyhour': '1,00\xa0‚Ç¨', 'tarif normal': '2,00\xa0‚Ç¨'}, 'aaaaaaaaaaaaaaaaaaaaa': {'nom': 'aaaaaaaaaaaaaaaaaaaaa', 'happyhour': '6,00\xa0‚Ç¨', 'tarif normal': '3,00\xa0‚Ç¨'}, 'aaaaaaaaaaaaaaaaaa': {'nom': 'aaaaaaaaaaaaaaaaaa', 'happyhour': '4,00\xa0‚Ç¨', 'tarif normal': '2,00\xa0‚Ç¨'}, 'aaaaaaaaaaaaaaaaaaaa': {'nom': 'aaaaaaaaaaaaaaaaaaaa', 'happyhour': '4,00\xa0‚Ç¨', 'tarif normal': '8,00\xa0‚Ç¨'}, 'aaaaaaaaaaaaa': {'nom': 'aaaaaaaaaaaaa', 'happyhour': '4,00\xa0‚Ç¨', 'tarif normal': '6,00\xa0‚Ç¨'}, 'aaaaaaaaaaaaaaa': {'nom': 'aaaaaaaaaaaaaaa', 'happyhour': '2,00\xa0‚Ç¨', 'tarif normal': '2,00\xa0‚Ç¨'}, 'aaaaaaaaaaaaaaaaa': {'nom': 'aaaaaaaaaaaaaaaaa', 'happyhour': '5,00\xa0‚Ç¨', 'tarif normal': '2,00\xa0‚Ç¨'}}"
The Black Lion,"4 All√©es Paul Feuga, 31000 Toulouse","Lundi : Ferm√©, Mardi : 20:00 - 02:00, Mercredi : 20:00 - 02:00, Jeudi : 20:00 - 02:00, Vendredi : 20:00 - 02:00, Samedi : 20:00 - 03:00, Dimanche : Ferm√©","Terrasse, Restauration, Concerts / Musique Live","{'bi√®re(50cl)': {'nom': 'Bi√®re(50cl)', 'happyhour': '5,00\xa0‚Ç¨', 'tarif normal': '-'}, 'cocktail': {'nom': 'Cocktail', 'happyhour': '5,00\xa0‚Ç¨', 'tarif normal': '-'}}"
Barricot,"8 Esp. Compans Caffarelli, 31000 Toulouse","Lundi : 08:00 - 02:00, Mardi : 08:00 - 02:00, Mercredi : 08:00 - 02:00, Jeudi : 08:00 - 02:00, Vendredi : 08:00 - 02:00, Samedi : 18:00 - 03:00, Dimanche : Ferm√©","Terrasse, Restauration","{'verre de vin(17cl)': {'nom': 'Verre de vin(17cl)', 'happyhour': '2,00\xa0‚Ç¨', 'tarif normal': '-'}, 'soft': {'nom': 'Soft', 'happyhour': '2,00\xa0‚Ç¨', 'tarif normal': '-'}}"
La Maison,"9 Rue Gabriel P√©rri, 31000 Toulouse","Lundi : 10:30 - 02:00, Mardi : 10:30 - 02:00, Mercredi : 10:30 - 02:00, Jeudi : 10:30 - 02:00, Vendredi : 10:30 - 02:00, Samedi : 16:00 - 03:00, Dimanche : Ferm√©","Restauration, Diffusion de matchs","{'stella artois(50cl)': {'nom': 'Stella Artois(50cl)', 'happyhour': '3,50\xa0‚Ç¨', 'tarif normal': '-'}, 'bi√®re sp√©ciale(50cl)': {'nom': 'Bi√®re sp√©ciale(50cl)', 'happyhour': '5,00\xa0‚Ç¨', 'tarif normal': '-'}}"
El Circo,"61 Rue Pargamini√®res, 31000 Toulouse","Lundi : Ferm√©, Mardi : 17:30 - 01:00, Mercredi : 17:30 - 01:00, Jeudi : 17:30 - 02:00, Vendredi : 17:30 - 02:00, Samedi : Ferm√©, Dimanche : Ferm√©","Terrasse, Restauration, Diffusion de matchs, Acc√®s & Toilettes Handicap√©s, Concerts / Musique Live","{'licorne(50cl)': {'nom': 'Licorne(50cl)', 'happyhour': '-', 'tarif normal': '7,00\xa0‚Ç¨'}}"
√î Boudu Pont,"1 Rue de la R√©publique, 31300 Toulouse","Lundi : 09:00 - 22:30, Mardi : 09:00 - 22:30, Mercredi : 09:00 - 22:30, Jeudi : 09:00 - 22:30, Vendredi : 09:00 - 22:30, Samedi : 09:00 - 22:30, Dimanche : 09:00 - 22:30","Terrasse, Restauration",[]
Le Tchin,"22 Rue Saint-Bernard, 31000 Toulouse","Lundi : Ferm√©, Mardi : 18:00 - 01:00, Mercredi : 18:00 - 01:30, Jeudi : 16:00 - 01:30, Vendredi : 16:00 - 01:30, Samedi : 15:00 - 02:30, Dimanche : Ferm√©","Terrasse, Restauration",[]
The Botanist Pub,"33 Boulevard Mar√©chal Leclerc, 31000 Toulouse","Lundi : Ferm√©, Mardi : 09:00 - 02:00, Mercredi : 09:00 - 02:00, Jeudi : 09:00 - 02:00, Vendredi : 09:00 - 02:00, Samedi : 09:00 - 03:00, Dimanche : Ferm√©","Terrasse, Restauration, Wifi gratuit, Diffusion de matchs, üå¨ Air climatis√©",[]
Le P√©ry,"22 Rue Gabriel P√©ri, 31000 Toulouse","Lundi : 17:00 - 01:00, Mardi : 17:00 - 02:00, Mercredi : 17:00 - 02:00, Jeudi : 17:00 - 02:00, Vendredi : 17:00 - 02:00, Samedi : 18:00 - 01:00, Dimanche : Ferm√©","Terrasse, Restauration, Diffusion de matchs, Fl√©chettes, Concerts / Musique Live",[]
Le Biergarten,"60 Grand-Rue Saint-Michel, 31400 Toulouse","Lundi : 18:00 - 02:00, Mardi : 18:00 - 02:00, Mercredi : 18:00 - 02:00, Jeudi : 18:00 - 02:00, Vendredi : 18:00 - 02:00, Samedi : 18:00 - 03:00, Dimanche : Ferm√©","Concerts / Musique Live, DJ Mix",[]
Caf√© Oz,"1 Rue Gabriel P√©ri, 31000 Toulouse","Lundi : Ferm√©, Mardi : 16:00 - 22:00, Mercredi : 16:00 - 22:00, Jeudi : 16:00 - 22:00, Vendredi : 16:00 - 22:00, Samedi : 16:00 - 22:00, Dimanche : Ferm√©","Restauration, Vente √† emporter, Wifi gratuit, Chiens accept√©s","{'gin tonic(verre)': {'nom': 'Gin Tonic(Verre)', 'happyhour': '6,00\xa0‚Ç¨', 'tarif normal': '8,00\xa0‚Ç¨'}, 'sangria(50 cl)': {'nom': 'Sangria(50 cl)', 'happyhour': '4,00\xa0‚Ç¨', 'tarif normal': '5,00\xa0‚Ç¨'}, 'bi√®re blonde\n(50 cl)': {'nom': 'Bi√®re blonde\n(50 cl)', 'happyhour': '3,00\xa0‚Ç¨', 'tarif normal': '5,00\xa0‚Ç¨'}, 'coca-cola\n(33cl)': {'nom': 'Coca-Cola\n(33cl)', 'happyhour': '-', 'tarif normal': '2,50\xa0‚Ç¨'}, 'aaaaaaaaaaaaaa': {'nom': 'aaaaaaaaaaaaaa', 'happyhour': '6,00\xa0‚Ç¨', 'tarif normal': '8,00\xa0‚Ç¨'}, 'aaaaaaaaaaa': {'nom': 'aaaaaaaaaaa', 'happyhour': '8,00\xa0‚Ç¨', 'tarif normal': '2,00\xa0‚Ç¨'}, 'aaaaaaaaaaaaa': {'nom': 'aaaaaaaaaaaaa', 'happyhour': '2,00\xa0‚Ç¨', 'tarif normal': '7,00\xa0‚Ç¨'}, 'aaaaaaaaaaaaaaaa': {'nom': 'aaaaaaaaaaaaaaaa', 'happyhour': '5,00\xa0‚Ç¨', 'tarif normal': '7,00\xa0‚Ç¨'}, 'aaaaaaaaaaaaaaa': {'nom': 'aaaaaaaaaaaaaaa', 'happyhour': '5,00\xa0‚Ç¨', 'tarif normal': '2,00\xa0‚Ç¨'}, 'aaaaaaaaaaaa': {'nom': 'aaaaaaaaaaaa', 'happyhour': '8,00\xa0‚Ç¨', 'tarif normal': '3,00\xa0‚Ç¨'}, 'aaaaaaaaaaaaaaaaaaaa': {'nom': 'aaaaaaaaaaaaaaaaaaaa', 'happyhour': '8,00\xa0‚Ç¨', 'tarif normal': '6,00\xa0‚Ç¨'}, 'aaaaaaaaaaaaaaaaaaaaa': {'nom': 'aaaaaaaaaaaaaaaaaaaaa', 'happyhour': '5,00\xa0‚Ç¨', 'tarif normal': '3,00\xa0‚Ç¨'}}"
The Frog & Rosbif,"14 Rue de l'Industrie, 31000 Toulouse","Lundi : 07:00 - 02:00, Mardi : 07:00 - 02:00, Mercredi : 07:00 - 02:00, Jeudi : 07:00 - 02:00, Vendredi : 07:00 - 02:00, Samedi : 09:00 - 03:00, Dimanche : 11:00 - 02:00","Terrasse, Restauration, Diffusion de matchs, üå¨ Air climatis√©, Concerts / Musique Live, DJ Mix","{'pastis(25cl)': {'nom': 'Pastis(25cl)', 'happyhour': '1,00\xa0‚Ç¨', 'tarif normal': '2,00\xa0‚Ç¨'}, 'kronenbourg(25cl)': {'nom': 'Kronenbourg(25cl)', 'happyhour': '1,30\xa0‚Ç¨', 'tarif normal': '3,00\xa0‚Ç¨'}, 'sirop\n(50cl)': {'nom': 'Sirop\n(50cl)', 'happyhour': '2,00\xa0‚Ç¨', 'tarif normal': '3,00\xa0‚Ç¨'}, 'soda\n(50cl)': {'nom': 'Soda\n(50cl)', 'happyhour': '2,50\xa0‚Ç¨', 'tarif normal': '3,50\xa0‚Ç¨'}, 'aaaaaaaaaaaa': {'nom': 'aaaaaaaaaaaa', 'happyhour': '6,00\xa0‚Ç¨', 'tarif normal': '2,00\xa0‚Ç¨'}, 'aaaaaaaaaaaaa': {'nom': 'aaaaaaaaaaaaa', 'happyhour': '6,00\xa0‚Ç¨', 'tarif normal': '2,00\xa0‚Ç¨'}, 'aaaaaaaaaaaaaaaa': {'nom': 'aaaaaaaaaaaaaaaa', 'happyhour': '7,00\xa0‚Ç¨', 'tarif normal': '4,00\xa0‚Ç¨'}, 'aaaaaaaaaaaaaaaaaa': {'nom': 'aaaaaaaaaaaaaaaaaa', 'happyhour': '5,00\xa0‚Ç¨', 'tarif normal': '6,00\xa0‚Ç¨'}, 'aaaaaaaaaaaaaaaaa': {'nom': 'aaaaaaaaaaaaaaaaa', 'happyhour': '3,00\xa0‚Ç¨', 'tarif normal': '4,00\xa0‚Ç¨'}}"
The Petit London,"7 Rue Riquet, 31000 Toulouse","Lundi : Ferm√©, Mardi : 17:00 - 02:00, Mercredi : 17:00 - 02:00, Jeudi : 17:00 - 02:00, Vendredi : 17:00 - 02:00, Samedi : 17:00 - 03:00, Dimanche : Ferm√©","Terrasse, Restauration, Wifi gratuit, üå¨ Air climatis√©, Acc√®s & Toilettes Handicap√©s, Fl√©chettes, Concerts / Musique Live, DJ Mix","{'bi√®re(50cl)': {'nom': 'Bi√®re(50cl)', 'happyhour': '4,00\xa0‚Ç¨', 'tarif normal': '7,00\xa0‚Ç¨'}, 'cocktail(le verre)': {'nom': 'Cocktail(le verre)', 'happyhour': '6,00\xa0‚Ç¨', 'tarif normal': '8,50\xa0‚Ç¨'}, 'bouteille de shooter\n(la bouteille)': {'nom': 'Bouteille de shooter\n(La bouteille)', 'happyhour': '25,00\xa0‚Ç¨', 'tarif normal': '30,00\xa0‚Ç¨'}, 'soft\n(le verre)': {'nom': 'Soft\n(Le verre)', 'happyhour': '2,00\xa0‚Ç¨', 'tarif normal': '3,00\xa0‚Ç¨'}, 'aaaaaaaaaaaaaaaaaaaaa': {'nom': 'aaaaaaaaaaaaaaaaaaaaa', 'happyhour': '1,00\xa0‚Ç¨', 'tarif normal': '6,00\xa0‚Ç¨'}, 'aaaaaaaaaaa': {'nom': 'aaaaaaaaaaa', 'happyhour': '4,00\xa0‚Ç¨', 'tarif normal': '8,00\xa0‚Ç¨'}, 'aaaaaaaaaaaaaaaaaa': {'nom': 'aaaaaaaaaaaaaaaaaa', 'happyhour': '1,00\xa0‚Ç¨', 'tarif normal': '2,00\xa0‚Ç¨'}, 'aaaaaaaaaaaa': {'nom': 'aaaaaaaaaaaa', 'happyhour': '1,00\xa0‚Ç¨', 'tarif normal': '2,00\xa0‚Ç¨'}, 'aaaaaaaaaaaaaaaaaaa': {'nom': 'aaaaaaaaaaaaaaaaaaa', 'happyhour': '4,00\xa0‚Ç¨', 'tarif normal': '1,00\xa0‚Ç¨'}, 'aaaaaaaaaaaaaaaaaaaa': {'nom': 'aaaaaaaaaaaaaaaaaaaa', 'happyhour': '5,00\xa0‚Ç¨', 'tarif normal': '6,00\xa0‚Ç¨'}, 'aaaaaaaaaaaaaaa': {'nom': 'aaaaaaaaaaaaaaa', 'happyhour': '4,00\xa0‚Ç¨', 'tarif normal': '6,00\xa0‚Ç¨'}}"
The Danu,"9 Rue du pont Guilhemery, 31000 Toulouse","Lundi : 07:00 - 02:00, Mardi : 07:00 - 02:00, Mercredi : 07:00 - 02:00, Jeudi : 07:00 - 02:00, Vendredi : 07:00 - 02:00, Samedi : 07:00 - 03:00, Dimanche : Ferm√©","Terrasse, Vente √† emporter, Wifi gratuit, Diffusion de matchs, Baby-Foot, Flipper, Jeux de soci√©t√©","{'kronenbourg(50cl)': {'nom': 'Kronenbourg(50cl)', 'happyhour': '3,00\xa0‚Ç¨', 'tarif normal': '4,00\xa0‚Ç¨'}, 'ricard(3cl)': {'nom': 'Ricard(3cl)', 'happyhour': '1,00\xa0‚Ç¨', 'tarif normal': '-'}, 'aaaaaaaaaaaa': {'nom': 'aaaaaaaaaaaa', 'happyhour': '4,00\xa0‚Ç¨', 'tarif normal': '3,00\xa0‚Ç¨'}, 'aaaaaaaaaaaaaaaaaaaa': {'nom': 'aaaaaaaaaaaaaaaaaaaa', 'happyhour': '6,00\xa0‚Ç¨', 'tarif normal': '1,00\xa0‚Ç¨'}, 'aaaaaaaaaaaaaaaaaaa': {'nom': 'aaaaaaaaaaaaaaaaaaa', 'happyhour': '4,00\xa0‚Ç¨', 'tarif normal': '8,00\xa0‚Ç¨'}, 'aaaaaaaaaaaaaa': {'nom': 'aaaaaaaaaaaaaa', 'happyhour': '4,00\xa0‚Ç¨', 'tarif normal': '2,00\xa0‚Ç¨'}, 'aaaaaaaaaaaaaaaa': {'nom': 'aaaaaaaaaaaaaaaa', 'happyhour': '1,00\xa0‚Ç¨', 'tarif normal': '6,00\xa0‚Ç¨'}, 'aaaaaaaaaaaaaaaaaa': {'nom': 'aaaaaaaaaaaaaaaaaa', 'happyhour': '7,00\xa0‚Ç¨', 'tarif normal': '6,00\xa0‚Ç¨'}, 'aaaaaaaaaaaaaaa': {'nom': 'aaaaaaaaaaaaaaa', 'happyhour': '5,00\xa0‚Ç¨', 'tarif normal': '6,00\xa0‚Ç¨'}}"
Snapper Rock,"4 Rue Gabriel P√©ri, 31000 Toulouse","Lundi : 09:00 - 15:00, Mardi : 08:00 - 00:00, Mercredi : 08:00 - 00:00, Jeudi : 08:00 - 00:00, Vendredi : 08:00 - 00:00, Samedi : 10:00 - 00:00, Dimanche : Ferm√©","Terrasse, Restauration","{'1664 blonde(50cl)': {'nom': '1664 Blonde(50cl)', 'happyhour': '4,00\xa0‚Ç¨', 'tarif normal': '-'}}"
The Hopscotch,"3 Rue Bour Lormian, 31000 Toulouse","Lundi : 17:30 - 02:00, Mardi : 17:30 - 02:00, Mercredi : 17:30 - 02:00, Jeudi : 17:30 - 02:00, Vendredi : 17:30 - 02:00, Samedi : 17:30 - 03:00, Dimanche : 17:30 - 02:00","Terrasse, Restauration",[]
Le Bistrologue,"2 Place du Ravelin, 31300 Toulouse","Lundi : 17:30 - 00:00, Mardi : 17:30 - 00:00, Mercredi : 17:30 - 00:00  17:30 - 02:00, Jeudi : 17:30 - 02:00, Vendredi : 17:30 - 02:00, Samedi : 16:30 - 02:30, Dimanche : Ferm√©","Restauration, Diffusion de matchs, Concerts / Musique Live, DJ Mix",[]
1862 Artybar,"24 Rue Nicolas Bachelier, 31000 Toulouse","Lundi : Ferm√©, Mardi : 16:00 - 02:00, Mercredi : 16:00 - 02:00, Jeudi : 16:00 - 02:00, Vendredi : 16:00 - 02:00, Samedi : 14:00 - 03:00, Dimanche : Ferm√©",Restauration,[]
Kraken Paradise,"34 Rue de la Colombette, 31000 Toulouse","Lundi : 16:30 - 02:00, Mardi : 16:30 - 02:00, Mercredi : 16:30 - 02:00, Jeudi : 16:30 - 02:00, Vendredi : 16:30 - 02:00, Samedi : 16:30 - 03:00, Dimanche : 16:30 - 02:00","Terrasse, Restauration, Diffusion de matchs, Concerts / Musique Live","{'kronenbourg(50cl)': {'nom': 'Kronenbourg(50cl)', 'happyhour': '-', 'tarif normal': '5,40\xa0‚Ç¨'}, 'carlsberg(50cl)': {'nom': 'Carlsberg(50cl)', 'happyhour': '-', 'tarif normal': '6,40\xa0‚Ç¨'}, 'grimbergen blonde\n(50cl)': {'nom': 'Grimbergen Blonde\n(50cl)', 'happyhour': '-', 'tarif normal': '7,20\xa0‚Ç¨'}, 'grimbergen ambr√©e\n(50cl)': {'nom': 'Grimbergen Ambr√©e\n(50cl)', 'happyhour': '-', 'tarif normal': '7,20\xa0‚Ç¨'}, 'aaaaaaaaaaaa': {'nom': 'aaaaaaaaaaaa', 'happyhour': '5,00\xa0‚Ç¨', 'tarif normal': '4,00\xa0‚Ç¨'}, 'aaaaaaaaaaaaaaa': {'nom': 'aaaaaaaaaaaaaaa', 'happyhour': '1,00\xa0‚Ç¨', 'tarif normal': '8,00\xa0‚Ç¨'}, 'aaaaaaaaaaaaaaaa': {'nom': 'aaaaaaaaaaaaaaaa', 'happyhour': '4,00\xa0‚Ç¨', 'tarif normal': '6,00\xa0‚Ç¨'}, 'aaaaaaaaaaaaaaaaaa': {'nom': 'aaaaaaaaaaaaaaaaaa', 'happyhour': '4,00\xa0‚Ç¨', 'tarif normal': '3,00\xa0‚Ç¨'}, 'aaaaaaaaaaaaaa': {'nom': 'aaaaaaaaaaaaaa', 'happyhour': '8,00\xa0‚Ç¨', 'tarif normal': '8,00\xa0‚Ç¨'}, 'aaaaaaaaaaaaaaaaa': {'nom': 'aaaaaaaaaaaaaaaaa', 'happyhour': '8,00\xa0‚Ç¨', 'tarif normal': '3,00\xa0‚Ç¨'}, 'aaaaaaaaaaaaaaaaaaaaa': {'nom': 'aaaaaaaaaaaaaaaaaaaaa', 'happyhour': '6,00\xa0‚Ç¨', 'tarif normal': '6,00\xa0‚Ç¨'}, 'aaaaaaaaaaaaaaaaaaa': {'nom': 'aaaaaaaaaaaaaaaaaaa', 'happyhour': '7,00\xa0‚Ç¨', 'tarif normal': '3,00\xa0‚Ç¨'}}"
MAD (Meet and Drink),"4 All√©es Charles de Fitte, 31300 Toulouse","Lundi : 17:00 - 01:00, Mardi : 17:00 - 02:00, Mercredi : 17:00 - 02:00, Jeudi : 17:00 - 02:00, Vendredi : 17:00 - 02:00, Samedi : 17:00 - 02:00, Dimanche : 17:00 - 00:00","Terrasse, Restauration","{'oktoberfest bier\n(50cl)': {'nom': 'Oktoberfest Bier\n(50cl)', 'happyhour': '-', 'tarif normal': '7,00\xa0‚Ç¨'}, 'munich\n(50cl)': {'nom': 'Munich\n(50cl)', 'happyhour': '-', 'tarif normal': '6,00\xa0‚Ç¨'}, 'dunkel\n(50cl)': {'nom': 'Dunkel\n(50cl)', 'happyhour': '-', 'tarif normal': '7,50\xa0‚Ç¨'}, 'saint thomas\n(50cl)': {'nom': 'Saint Thomas\n(50cl)', 'happyhour': '-', 'tarif normal': '8,00\xa0‚Ç¨'}, 'aaaaaaaaaaaa': {'nom': 'aaaaaaaaaaaa', 'happyhour': '6,00\xa0‚Ç¨', 'tarif normal': '5,00\xa0‚Ç¨'}, 'aaaaaaaaaaaaaaa': {'nom': 'aaaaaaaaaaaaaaa', 'happyhour': '6,00\xa0‚Ç¨', 'tarif normal': '4,00\xa0‚Ç¨'}, 'aaaaaaaaaaaaaaaaaaaa': {'nom': 'aaaaaaaaaaaaaaaaaaaa', 'happyhour': '2,00\xa0‚Ç¨', 'tarif normal': '2,00\xa0‚Ç¨'}, 'aaaaaaaaaaaaaaaaaaa': {'nom': 'aaaaaaaaaaaaaaaaaaa', 'happyhour': '2,00\xa0‚Ç¨', 'tarif normal': '8,00\xa0‚Ç¨'}, 'aaaaaaaaaaaaaa': {'nom': 'aaaaaaaaaaaaaa', 'happyhour': '4,00\xa0‚Ç¨', 'tarif normal': '6,00\xa0‚Ç¨'}, 'aaaaaaaaaaaaaaaa': {'nom': 'aaaaaaaaaaaaaaaa', 'happyhour': '3,00\xa0‚Ç¨', 'tarif normal': '4,00\xa0‚Ç¨'}, 'aaaaaaaaaaaaaaaaaaaaa': {'nom': 'aaaaaaaaaaaaaaaaaaaaa', 'happyhour': '2,00\xa0‚Ç¨', 'tarif normal': '8,00\xa0‚Ç¨'}, 'aaaaaaaaaaaaaaaaaa': {'nom': 'aaaaaaaaaaaaaaaaaa', 'happyhour': '3,00\xa0‚Ç¨', 'tarif normal': '4,00\xa0‚Ç¨'}}"
Le Delicatessen,"11 bis Rue Riquet, 31000 Toulouse","Lundi : 16:00 - 02:00, Mardi : 16:00 - 02:00, Mercredi : 16:00 - 02:00, Jeudi : 16:00 - 02:00, Vendredi : 16:00 - 02:00, Samedi : 16:00 - 02:00, Dimanche : Ferm√©","Terrasse, Restauration, Concerts / Musique Live","{'jupiler(50cl)': {'nom': 'Jupiler(50cl)', 'happyhour': '4,00\xa0‚Ç¨', 'tarif normal': '6,00\xa0‚Ç¨'}, 'cuv√©e des trolls(50cl)': {'nom': 'Cuv√©e des Trolls(50cl)', 'happyhour': '-', 'tarif normal': '8,80\xa0‚Ç¨'}, 'triple \xa0karmeliet\n(50cl)': {'nom': 'Triple \xa0Karmeliet\n(50cl)', 'happyhour': '-', 'tarif normal': '9,90\xa0‚Ç¨'}, 'blanche\n(50cl)': {'nom': 'Blanche\n(50cl)', 'happyhour': '-', 'tarif normal': '8,00\xa0‚Ç¨'}, 'aaaaaaaaaaaaaaaaaa': {'nom': 'aaaaaaaaaaaaaaaaaa', 'happyhour': '4,00\xa0‚Ç¨', 'tarif normal': '5,00\xa0‚Ç¨'}, 'aaaaaaaaaaaaaaaaaaaaa': {'nom': 'aaaaaaaaaaaaaaaaaaaaa', 'happyhour': '8,00\xa0‚Ç¨', 'tarif normal': '1,00\xa0‚Ç¨'}, 'aaaaaaaaaaaaaaaa': {'nom': 'aaaaaaaaaaaaaaaa', 'happyhour': '3,00\xa0‚Ç¨', 'tarif normal': '1,00\xa0‚Ç¨'}, 'aaaaaaaaaaaaaaaaa': {'nom': 'aaaaaaaaaaaaaaaaa', 'happyhour': '1,00\xa0‚Ç¨', 'tarif normal': '2,00\xa0‚Ç¨'}, 'aaaaaaaaaaaaaaa': {'nom': 'aaaaaaaaaaaaaaa', 'happyhour': '3,00\xa0‚Ç¨', 'tarif normal': '8,00\xa0‚Ç¨'}, 'aaaaaaaaaaaa': {'nom': 'aaaaaaaaaaaa', 'happyhour': '4,00\xa0‚Ç¨', 'tarif normal': '4,00\xa0‚Ç¨'}, 'aaaaaaaaaaaaa': {'nom': 'aaaaaaaaaaaaa', 'happyhour': '5,00\xa0‚Ç¨', 'tarif normal': '5,00\xa0‚Ç¨'}}"
Bar Martini Club,"9 Rue d'Austerlitz, 31000 Toulouse","Lundi : 18:00 - 02:00, Mardi : 18:00 - 02:00, Mercredi : 18:00 - 02:00, Jeudi : 18:00 - 02:00, Vendredi : 18:00 - 02:00, Samedi : 18:00 - 03:00, Dimanche : Ferm√©","Terrasse, Restauration, Diffusion de matchs, Fl√©chettes","{'licorne blonde\n(50cl)': {'nom': 'Licorne Blonde\n(50cl)', 'happyhour': '3,50\xa0‚Ç¨', 'tarif normal': '5,50\xa0‚Ç¨'}, 'slash mango(50cl)': {'nom': 'Slash Mango(50cl)', 'happyhour': '-', 'tarif normal': '7,00\xa0‚Ç¨'}, 'cidre henry weston\n(50cl)': {'nom': 'Cidre Henry Weston\n(50cl)', 'happyhour': '-', 'tarif normal': '7,00\xa0‚Ç¨'}, 'skoll\n(33cl)': {'nom': 'Skoll\n(33cl)', 'happyhour': '-', 'tarif normal': '4,00\xa0‚Ç¨'}, 'aaaaaaaaaaaaaaaaaaaaa': {'nom': 'aaaaaaaaaaaaaaaaaaaaa', 'happyhour': '2,00\xa0‚Ç¨', 'tarif normal': '6,00\xa0‚Ç¨'}, 'aaaaaaaaaaa': {'nom': 'aaaaaaaaaaa', 'happyhour': '2,00\xa0‚Ç¨', 'tarif normal': '4,00\xa0‚Ç¨'}, 'aaaaaaaaaaaaaaaaa': {'nom': 'aaaaaaaaaaaaaaaaa', 'happyhour': '5,00\xa0‚Ç¨', 'tarif normal': '4,00\xa0‚Ç¨'}, 'aaaaaaaaaaaaaaaaaaaa': {'nom': 'aaaaaaaaaaaaaaaaaaaa', 'happyhour': '2,00\xa0‚Ç¨', 'tarif normal': '8,00\xa0‚Ç¨'}, 'aaaaaaaaaaaaaaaaaa': {'nom': 'aaaaaaaaaaaaaaaaaa', 'happyhour': '6,00\xa0‚Ç¨', 'tarif normal': '1,00\xa0‚Ç¨'}, 'aaaaaaaaaaaa': {'nom': 'aaaaaaaaaaaa', 'happyhour': '7,00\xa0‚Ç¨', 'tarif normal': '4,00\xa0‚Ç¨'}}"
Borriquito Loco,"25 Rue des Paradoux, 31000 Toulouse","Lundi : 12:00 - 00:00, Mardi : 12:00 - 00:00, Mercredi : 12:00 - 00:00, Jeudi : 12:00 - 01:00, Vendredi : 12:00 - 02:00, Samedi : 12:00 - 03:00, Dimanche : 12:00 - 00:00","Terrasse, Restauration, Diffusion de matchs, Concerts / Musique Live, DJ Mix","{'pelforth(50cl)': {'nom': 'Pelforth(50cl)', 'happyhour': '4,00\xa0‚Ç¨', 'tarif normal': '6,00\xa0‚Ç¨'}, 'mort subite white lambic(50cl)': {'nom': 'Mort Subite White Lambic(50cl)', 'happyhour': '6,00\xa0‚Ç¨', 'tarif normal': '7,50\xa0‚Ç¨'}, 'heineken\n(33cl)': {'nom': 'Heineken\n(33cl)', 'happyhour': '-', 'tarif normal': '5,50\xa0‚Ç¨'}, 'mort subite kriek lambic\n(33cl)': {'nom': 'Mort Subite Kriek Lambic\n(33cl)', 'happyhour': '-', 'tarif normal': '6,00\xa0‚Ç¨'}, 'aaaaaaaaaaaa': {'nom': 'aaaaaaaaaaaa', 'happyhour': '2,00\xa0‚Ç¨', 'tarif normal': '7,00\xa0‚Ç¨'}, 'aaaaaaaaaaaaaaaa': {'nom': 'aaaaaaaaaaaaaaaa', 'happyhour': '7,00\xa0‚Ç¨', 'tarif normal': '6,00\xa0‚Ç¨'}, 'aaaaaaaaaaaaaaaaa': {'nom': 'aaaaaaaaaaaaaaaaa', 'happyhour': '2,00\xa0‚Ç¨', 'tarif normal': '6,00\xa0‚Ç¨'}, 'aaaaaaaaaaaaaaaaaaaa': {'nom': 'aaaaaaaaaaaaaaaaaaaa', 'happyhour': '3,00\xa0‚Ç¨', 'tarif normal': '7,00\xa0‚Ç¨'}}"
L'Autruche,"1 Rue Andr√© Mercadier, 31000 Toulouse","Lundi : 15:00 - 02:00, Mardi : 15:00 - 02:00, Mercredi : 15:00 - 02:00, Jeudi : 15:00 - 02:00, Vendredi : 10:00 - 02:00, Samedi : 10:00 - 03:00, Dimanche : 10:00 - 02:00","Terrasse, Restauration, Diffusion de matchs, Concerts / Musique Live","{'paulaner(50cl)': {'nom': 'Paulaner(50cl)', 'happyhour': '4,00\xa0‚Ç¨', 'tarif normal': '-'}, 'maredsous blonde(50cl)': {'nom': 'Maredsous Blonde(50cl)', 'happyhour': '4,50\xa0‚Ç¨', 'tarif normal': '-'}, 'paulaner salvator\n(50cl)': {'nom': 'Paulaner Salvator\n(50cl)', 'happyhour': '4,50\xa0‚Ç¨', 'tarif normal': '-'}, 'brewdog punk ipa\n(50cl)': {'nom': 'Brewdog Punk Ipa\n(50cl)', 'happyhour': '5,00\xa0‚Ç¨', 'tarif normal': '-'}, 'aaaaaaaaaaaa': {'nom': 'aaaaaaaaaaaa', 'happyhour': '6,00\xa0‚Ç¨', 'tarif normal': '7,00\xa0‚Ç¨'}, 'aaaaaaaaaaaaa': {'nom': 'aaaaaaaaaaaaa', 'happyhour': '1,00\xa0‚Ç¨', 'tarif normal': '3,00\xa0‚Ç¨'}, 'aaaaaaaaaaaaaaaaaaa': {'nom': 'aaaaaaaaaaaaaaaaaaa', 'happyhour': '3,00\xa0‚Ç¨', 'tarif normal': '8,00\xa0‚Ç¨'}, 'aaaaaaaaaaa': {'nom': 'aaaaaaaaaaa', 'happyhour': '5,00\xa0‚Ç¨', 'tarif normal': '1,00\xa0‚Ç¨'}, 'aaaaaaaaaaaaaaaaaaaa': {'nom': 'aaaaaaaaaaaaaaaaaaaa', 'happyhour': '5,00\xa0‚Ç¨', 'tarif normal': '6,00\xa0‚Ç¨'}, 'aaaaaaaaaaaaaa': {'nom': 'aaaaaaaaaaaaaa', 'happyhour': '7,00\xa0‚Ç¨', 'tarif normal': '3,00\xa0‚Ç¨'}, 'aaaaaaaaaaaaaaaaaa': {'nom': 'aaaaaaaaaaaaaaaaaa', 'happyhour': '6,00\xa0‚Ç¨', 'tarif normal': '1,00\xa0‚Ç¨'}, 'aaaaaaaaaaaaaaaa': {'nom': 'aaaaaaaaaaaaaaaa', 'happyhour': '3,00\xa0‚Ç¨', 'tarif normal': '4,00\xa0‚Ç¨'}}"
Sauvage Social Pub,"11 Place Etienne Esquirol, 31000 Toulouse","Lundi : 16:00 - 02:00, Mardi : 16:00 - 02:00, Mercredi : 16:00 - 02:00, Jeudi : 16:00 - 02:00, Vendredi : 16:00 - 02:00, Samedi : 15:00 - 03:00, Dimanche : 15:00 - 01:00","Terrasse, Restauration, Diffusion de matchs, Concerts / Musique Live, DJ Mix","{'john bull classic\n(50cl)': {'nom': 'John Bull Classic\n(50cl)', 'happyhour': '5,20\xa0‚Ç¨', 'tarif normal': '-'}, 'charlie dry hopped lager\n(50cl)': {'nom': 'Charlie Dry Hopped Lager\n(50cl)', 'happyhour': '6,20\xa0‚Ç¨', 'tarif normal': '-'}, 'charlie triple hopped ipa\n(50cl)': {'nom': 'Charlie Triple Hopped IPA\n(50cl)', 'happyhour': '6,20\xa0‚Ç¨', 'tarif normal': '-'}, 'wit a minute\n(50cl)': {'nom': 'Wit a Minute\n(50cl)', 'happyhour': '6,50\xa0‚Ç¨', 'tarif normal': '-'}, 'aaaaaaaaaaaaaaaa': {'nom': 'aaaaaaaaaaaaaaaa', 'happyhour': '5,00\xa0‚Ç¨', 'tarif normal': '1,00\xa0‚Ç¨'}, 'aaaaaaaaaaaaaaaaaaa': {'nom': 'aaaaaaaaaaaaaaaaaaa', 'happyhour': '5,00\xa0‚Ç¨', 'tarif normal': '4,00\xa0‚Ç¨'}, 'aaaaaaaaaaaaaaaaaa': {'nom': 'aaaaaaaaaaaaaaaaaa', 'happyhour': '4,00\xa0‚Ç¨', 'tarif normal': '1,00\xa0‚Ç¨'}, 'aaaaaaaaaaaaaaaaaaaa': {'nom': 'aaaaaaaaaaaaaaaaaaaa', 'happyhour': '8,00\xa0‚Ç¨', 'tarif normal': '7,00\xa0‚Ç¨'}, 'aaaaaaaaaaaaa': {'nom': 'aaaaaaaaaaaaa', 'happyhour': '5,00\xa0‚Ç¨', 'tarif normal': '6,00\xa0‚Ç¨'}}"
Beer Mosaic,"7bis Rue Pierre-Paul Riquet, 31000 Toulouse","Lundi : 12:00 - 02:00, Mardi : 12:00 - 02:00, Mercredi : 12:00 - 02:00, Jeudi : 12:00 - 02:00, Vendredi : 12:00 - 02:00, Samedi : 12:00 - 03:00, Dimanche : 12:00 - 02:00","Terrasse, Wifi gratuit, Diffusion de matchs, üå¨ Air climatis√©, Acc√®s & Toilettes Handicap√©s, Baby-Foot, Chiens accept√©s","{'stella artois(50cl)': {'nom': 'Stella Artois(50cl)', 'happyhour': '4,70\xa0‚Ç¨', 'tarif normal': '6,20\xa0‚Ç¨'}, '1664 blanche(50cl)': {'nom': '1664 Blanche(50cl)', 'happyhour': '5,40\xa0‚Ç¨', 'tarif normal': '6,90\xa0‚Ç¨'}, 'leffe blonde\n(50cl)': {'nom': 'Leffe Blonde\n(50cl)', 'happyhour': '6,70\xa0‚Ç¨', 'tarif normal': '8,20\xa0‚Ç¨'}, 'guinness\n(50cl)': {'nom': 'Guinness\n(50cl)', 'happyhour': '6,40\xa0‚Ç¨', 'tarif normal': '7,90\xa0‚Ç¨'}, 'aaaaaaaaaaaa': {'nom': 'aaaaaaaaaaaa', 'happyhour': '2,00\xa0‚Ç¨', 'tarif normal': '5,00\xa0‚Ç¨'}, 'aaaaaaaaaaaaaaaaaaa': {'nom': 'aaaaaaaaaaaaaaaaaaa', 'happyhour': '6,00\xa0‚Ç¨', 'tarif normal': '3,00\xa0‚Ç¨'}, 'aaaaaaaaaaaaaaaaaa': {'nom': 'aaaaaaaaaaaaaaaaaa', 'happyhour': '3,00\xa0‚Ç¨', 'tarif normal': '8,00\xa0‚Ç¨'}, 'aaaaaaaaaaaaaaaaaaaa': {'nom': 'aaaaaaaaaaaaaaaaaaaa', 'happyhour': '8,00\xa0‚Ç¨', 'tarif normal': '7,00\xa0‚Ç¨'}, 'aaaaaaaaaaaaaa': {'nom': 'aaaaaaaaaaaaaa', 'happyhour': '6,00\xa0‚Ç¨', 'tarif normal': '3,00\xa0‚Ç¨'}, 'aaaaaaaaaaaaaaa': {'nom': 'aaaaaaaaaaaaaaa', 'happyhour': '1,00\xa0‚Ç¨', 'tarif normal': '3,00\xa0‚Ç¨'}, 'aaaaaaaaaaaaaaaa': {'nom': 'aaaaaaaaaaaaaaaa', 'happyhour': '3,00\xa0‚Ç¨', 'tarif normal': '2,00\xa0‚Ç¨'}}"
L'Almanach Bistrot,"53 Rue de la R√©publique, 31300 Toulouse","Lundi : 17:00 - 01:00, Mardi : 17:00 - 01:00, Mercredi : 17:00 - 01:00, Jeudi : 17:00 - 01:00, Vendredi : 17:00 - 01:00, Samedi : 15:00 - 02:00, Dimanche : 15:00 - 02:00",Jeux de soci√©t√©,"{'licorne(50cl)': {'nom': 'Licorne(50cl)', 'happyhour': '5,00\xa0‚Ç¨', 'tarif normal': '-'}, 'bi√®re au beurre\n(50cl)': {'nom': 'Bi√®re au Beurre\n(50cl)', 'happyhour': '7,00\xa0‚Ç¨', 'tarif normal': '-'}, 'cidre au beurre\n(50cl)': {'nom': 'Cidre au Beurre\n(50cl)', 'happyhour': '4,00\xa0‚Ç¨', 'tarif normal': '-'}, 'aaaaaaaaaaaa': {'nom': 'aaaaaaaaaaaa', 'happyhour': '2,00\xa0‚Ç¨', 'tarif normal': '5,00\xa0‚Ç¨'}, 'aaaaaaaaaaa': {'nom': 'aaaaaaaaaaa', 'happyhour': '5,00\xa0‚Ç¨', 'tarif normal': '7,00\xa0‚Ç¨'}, 'aaaaaaaaaaaaaaaaaaa': {'nom': 'aaaaaaaaaaaaaaaaaaa', 'happyhour': '4,00\xa0‚Ç¨', 'tarif normal': '2,00\xa0‚Ç¨'}, 'aaaaaaaaaaaaaaaaa': {'nom': 'aaaaaaaaaaaaaaaaa', 'happyhour': '6,00\xa0‚Ç¨', 'tarif normal': '6,00\xa0‚Ç¨'}, 'aaaaaaaaaaaaaaaaaaaa': {'nom': 'aaaaaaaaaaaaaaaaaaaa', 'happyhour': '6,00\xa0‚Ç¨', 'tarif normal': '2,00\xa0‚Ç¨'}}"
Le Saint des Seins,"5 Place Saint-Pierre, 31000 Toulouse","Lundi : 17:00 - 01:00, Mardi : 17:00 - 01:00, Mercredi : 17:00 - 01:00, Jeudi : 17:00 - 01:00, Vendredi : 17:00 - 02:00, Samedi : 14:00 - 02:00, Dimanche : 14:00 - 00:00","Terrasse, Restauration","{'stella artois(50cl)': {'nom': 'Stella Artois(50cl)', 'happyhour': '3,90\xa0‚Ç¨', 'tarif normal': '-'}, 'hoegaarden blanche(50cl)': {'nom': 'Hoegaarden Blanche(50cl)', 'happyhour': '4,90\xa0‚Ç¨', 'tarif normal': '-'}, 'triple \xa0karmeliet\n(50cl)': {'nom': 'Triple \xa0Karmeliet\n(50cl)', 'happyhour': '5,60\xa0‚Ç¨', 'tarif normal': '-'}, 'picon\n(50cl)': {'nom': 'Picon\n(50cl)', 'happyhour': '5,00\xa0‚Ç¨', 'tarif normal': '-'}, 'aaaaaaaaaaa': {'nom': 'aaaaaaaaaaa', 'happyhour': '1,00\xa0‚Ç¨', 'tarif normal': '7,00\xa0‚Ç¨'}, 'aaaaaaaaaaaaaaaaaaaa': {'nom': 'aaaaaaaaaaaaaaaaaaaa', 'happyhour': '4,00\xa0‚Ç¨', 'tarif normal': '6,00\xa0‚Ç¨'}, 'aaaaaaaaaaaaaaaaaaaaa': {'nom': 'aaaaaaaaaaaaaaaaaaaaa', 'happyhour': '6,00\xa0‚Ç¨', 'tarif normal': '5,00\xa0‚Ç¨'}, 'aaaaaaaaaaaaa': {'nom': 'aaaaaaaaaaaaa', 'happyhour': '2,00\xa0‚Ç¨', 'tarif normal': '1,00\xa0‚Ç¨'}, 'aaaaaaaaaaaaaaaaaaa': {'nom': 'aaaaaaaaaaaaaaaaaaa', 'happyhour': '4,00\xa0‚Ç¨', 'tarif normal': '8,00\xa0‚Ç¨'}, 'aaaaaaaaaaaa': {'nom': 'aaaaaaaaaaaa', 'happyhour': '3,00\xa0‚Ç¨', 'tarif normal': '6,00\xa0‚Ç¨'}}"
La Tireuse,"24 Rue Pargamini√®res, 31000 Toulouse","Lundi : 18:00 - 00:00, Mardi : 18:00 - 02:00, Mercredi : 18:00 - 02:00, Jeudi : 18:00 - 02:00, Vendredi : 18:00 - 02:00, Samedi : 18:00 - 03:00, Dimanche : Ferm√©","Terrasse, Restauration, Wifi gratuit, Acc√®s & Toilettes Handicap√©s, Concerts / Musique Live, DJ Mix, Chiens accept√©s","{'mutzig(50cl)': {'nom': 'Mutzig(50cl)', 'happyhour': '4,00\xa0‚Ç¨', 'tarif normal': '-'}, 'picon(50cl)': {'nom': 'Picon(50cl)', 'happyhour': '5,00\xa0‚Ç¨', 'tarif normal': '-'}, 'vin blanc\n(12.5cl)': {'nom': 'Vin Blanc\n(12.5cl)', 'happyhour': '2,00\xa0‚Ç¨', 'tarif normal': '-'}, 'vin rouge\n(12.5cl)': {'nom': 'Vin Rouge\n(12.5cl)', 'happyhour': '2,00\xa0‚Ç¨', 'tarif normal': '-'}, 'aaaaaaaaaaaaaa': {'nom': 'aaaaaaaaaaaaaa', 'happyhour': '4,00\xa0‚Ç¨', 'tarif normal': '1,00\xa0‚Ç¨'}, 'aaaaaaaaaaaaaaa': {'nom': 'aaaaaaaaaaaaaaa', 'happyhour': '4,00\xa0‚Ç¨', 'tarif normal': '1,00\xa0‚Ç¨'}, 'aaaaaaaaaaaa': {'nom': 'aaaaaaaaaaaa', 'happyhour': '4,00\xa0‚Ç¨', 'tarif normal': '5,00\xa0‚Ç¨'}, 'aaaaaaaaaaaaaaaaaa': {'nom': 'aaaaaaaaaaaaaaaaaa', 'happyhour': '1,00\xa0‚Ç¨', 'tarif normal': '2,00\xa0‚Ç¨'}}"
The London Town,"14 Rue des Pr√™tres, 31000 Toulouse","Lundi : 17:00 - 02:00, Mardi : 17:00 - 02:00, Mercredi : 17:00 - 02:00, Jeudi : 17:00 - 02:00, Vendredi : 17:00 - 02:00, Samedi : 17:00 - 03:00, Dimanche : 17:00 - 02:00","Terrasse, Concerts / Musique Live, DJ Mix, Chiens accept√©s, Jeux de soci√©t√©","{'bi√®re blonde(50cl)': {'nom': 'Bi√®re blonde(50cl)', 'happyhour': '3,00\xa0‚Ç¨', 'tarif normal': '-'}, 'picon(50cl)': {'nom': 'Picon(50cl)', 'happyhour': '4,00\xa0‚Ç¨', 'tarif normal': '-'}, 'double suze': {'nom': 'Double Suze', 'happyhour': '4,00\xa0‚Ç¨', 'tarif normal': '-'}, 'double pastis': {'nom': 'Double Pastis', 'happyhour': '2,20\xa0‚Ç¨', 'tarif normal': '-'}, 'aaaaaaaaaaaaaaaaaaaa': {'nom': 'aaaaaaaaaaaaaaaaaaaa', 'happyhour': '1,00\xa0‚Ç¨', 'tarif normal': '2,00\xa0‚Ç¨'}, 'aaaaaaaaaaaaa': {'nom': 'aaaaaaaaaaaaa', 'happyhour': '5,00\xa0‚Ç¨', 'tarif normal': '8,00\xa0‚Ç¨'}, 'aaaaaaaaaaaaaaaaaaa': {'nom': 'aaaaaaaaaaaaaaaaaaa', 'happyhour': '8,00\xa0‚Ç¨', 'tarif normal': '4,00\xa0‚Ç¨'}, 'aaaaaaaaaaaaaaaa': {'nom': 'aaaaaaaaaaaaaaaa', 'happyhour': '4,00\xa0‚Ç¨', 'tarif normal': '2,00\xa0‚Ç¨'}, 'aaaaaaaaaaaaaaaaaaaaa': {'nom': 'aaaaaaaaaaaaaaaaaaaaa', 'happyhour': '3,00\xa0‚Ç¨', 'tarif normal': '1,00\xa0‚Ç¨'}, 'aaaaaaaaaaaa': {'nom': 'aaaaaaaaaaaa', 'happyhour': '8,00\xa0‚Ç¨', 'tarif normal': '7,00\xa0‚Ç¨'}, 'aaaaaaaaaaaaaaaaa': {'nom': 'aaaaaaaaaaaaaaaaa', 'happyhour': '3,00\xa0‚Ç¨', 'tarif normal': '7,00\xa0‚Ç¨'}}"
La Tantina De Burgos,"27 Avenue de la Garonnette, 31000 Toulouse","['Lundi : Ferm√©', 'Mardi : 20:00 - 02:00', 'Mercredi : 19:00 - 02:00', 'Jeudi : 20:00 - 02:00', 'Vendredi : 20:00 - 02:00', 'Samedi : 20:00 - 03:00', 'Dimanche : Ferm√©']","['Terrasse', 'Restauration', 'Concerts / Musique Live']",[]
Rooster & Beer,"100 Rue Riquet, 31000 Toulouse","['Lundi : Ferm√©', 'Mardi : 18:00 - 01:00', 'Mercredi : 18:00 - 01:00', 'Jeudi : 18:00 - 02:00', 'Vendredi : 18:00 - 02:00', 'Samedi : 18:00 - 03:00', 'Dimanche : Ferm√©']","['Terrasse', 'Restauration', 'Diffusion de matchs', 'Acc√®s & Toilettes Handicap√©s', 'Concerts / Musique Live', 'Chiens accept√©s']",[]
Cacahu√®te,"21 Pl. de l'Estrapade, 31300 Toulouse","['Lundi : 08:00 - 02:00', 'Mardi : 08:00 - 02:00', 'Mercredi : 08:00 - 02:00', 'Jeudi : 08:00 - 02:00', 'Vendredi : 08:00 - 02:00', 'Samedi : 09:00 - 02:00', 'Dimanche : 09:00 - 02:00']","['Terrasse', 'Restauration', 'Concerts / Musique Live', 'DJ Mix']","{'caporal blonde de soif\n(50cl)': {'nom': 'Caporal Blonde De Soif\n(50cl)', 'happyhour': '-', 'tarif normal': '5,80\xa0‚Ç¨'}, 'caporal blanche de france\n(50cl)': {'nom': 'Caporal Blanche De France\n(50cl)', 'happyhour': '-', 'tarif normal': '7,40\xa0‚Ç¨'}, 'chouffe\n(50cl)': {'nom': 'Chouffe\n(50cl)', 'happyhour': '-', 'tarif normal': '7,80\xa0‚Ç¨'}, 'ipa \xa0vedett\n(50cl)': {'nom': 'Ipa \xa0Vedett\n(50cl)', 'happyhour': '-', 'tarif normal': '5,80\xa0‚Ç¨'}, 'aaaaaaaaaaaaa': {'nom': 'aaaaaaaaaaaaa', 'happyhour': '1,00\xa0‚Ç¨', 'tarif normal': '3,00\xa0‚Ç¨'}, 'aaaaaaaaaaaaaaaaaa': {'nom': 'aaaaaaaaaaaaaaaaaa', 'happyhour': '4,00\xa0‚Ç¨', 'tarif normal': '3,00\xa0‚Ç¨'}, 'aaaaaaaaaaa': {'nom': 'aaaaaaaaaaa', 'happyhour': '4,00\xa0‚Ç¨', 'tarif normal': '5,00\xa0‚Ç¨'}, 'aaaaaaaaaaaaaaaa': {'nom': 'aaaaaaaaaaaaaaaa', 'happyhour': '6,00\xa0‚Ç¨', 'tarif normal': '4,00\xa0‚Ç¨'}, 'aaaaaaaaaaaaaaa': {'nom': 'aaaaaaaaaaaaaaa', 'happyhour': '5,00\xa0‚Ç¨', 'tarif normal': '1,00\xa0‚Ç¨'}, 'aaaaaaaaaaaaaaaaa': {'nom': 'aaaaaaaaaaaaaaaaa', 'happyhour': '1,00\xa0‚Ç¨', 'tarif normal': '1,00\xa0‚Ç¨'}, 'aaaaaaaaaaaaaa': {'nom': 'aaaaaaaaaaaaaa', 'happyhour': '6,00\xa0‚Ç¨', 'tarif normal': '7,00\xa0‚Ç¨'}}"
Au F√ªt et √† Mesure,"20 Rue Gabriel P√©ri, 31000 Toulouse","['Lundi : 17:00 - 02:00', 'Mardi : 17:00 - 02:00', 'Mercredi : 17:00 - 02:00', 'Jeudi : 17:00 - 02:00', 'Vendredi : 17:00 - 02:00', 'Samedi : 17:00 - 03:00', 'Dimanche : 17:00 - 01:00']","['Terrasse', 'Restauration', 'Diffusion de matchs', 'Concerts / Musique Live']","{'bi√®re(25cl)': {'nom': 'Bi√®re(25cl)', 'happyhour': '3,00\xa0‚Ç¨', 'tarif normal': '-'}, 'bi√®re(50cl)': {'nom': 'Bi√®re(50cl)', 'happyhour': '6,00\xa0‚Ç¨', 'tarif normal': '-'}, 'kwak': {'nom': 'Kwak', 'happyhour': '-', 'tarif normal': '5,50\xa0‚Ç¨'}, 'ricard': {'nom': 'Ricard', 'happyhour': '-', 'tarif normal': '3,50\xa0‚Ç¨'}, 'aaaaaaaaaaaaaaaaaaaa': {'nom': 'aaaaaaaaaaaaaaaaaaaa', 'happyhour': '1,00\xa0‚Ç¨', 'tarif normal': '2,00\xa0‚Ç¨'}, 'aaaaaaaaaaaa': {'nom': 'aaaaaaaaaaaa', 'happyhour': '2,00\xa0‚Ç¨', 'tarif normal': '2,00\xa0‚Ç¨'}, 'aaaaaaaaaaaaaaaaaaa': {'nom': 'aaaaaaaaaaaaaaaaaaa', 'happyhour': '8,00\xa0‚Ç¨', 'tarif normal': '1,00\xa0‚Ç¨'}, 'aaaaaaaaaaaaaaaa': {'nom': 'aaaaaaaaaaaaaaaa', 'happyhour': '2,00\xa0‚Ç¨', 'tarif normal': '8,00\xa0‚Ç¨'}, 'aaaaaaaaaaaaaaa': {'nom': 'aaaaaaaaaaaaaaa', 'happyhour': '2,00\xa0‚Ç¨', 'tarif normal': '3,00\xa0‚Ç¨'}, 'aaaaaaaaaaaaaaaaa': {'nom': 'aaaaaaaaaaaaaaaaa', 'happyhour': '3,00\xa0‚Ç¨', 'tarif normal': '4,00\xa0‚Ç¨'}}"
Caf√© Populaire,"9 Rue de la Colombette, 31000 Toulouse","['Lundi : 12:00 - 02:00', 'Mardi : 12:00 - 02:00', 'Mercredi : 12:00 - 02:00', 'Jeudi : 12:00 - 02:00', 'Vendredi : 12:00 - 02:00', 'Samedi : 15:00 - 03:00', 'Dimanche : 17:00 - 02:00']","['Diffusion de matchs', 'üå¨ Air climatis√©', 'Concerts / Musique Live', 'DJ Mix']","{'stella artois(50cl)': {'nom': 'Stella Artois(50cl)', 'happyhour': '-', 'tarif normal': '4,20\xa0‚Ç¨'}, 'picon(50cl)': {'nom': 'Picon(50cl)', 'happyhour': '-', 'tarif normal': '5,00\xa0‚Ç¨'}, 'leffe\n(50cl)': {'nom': 'Leffe\n(50cl)', 'happyhour': '-', 'tarif normal': '6,00\xa0‚Ç¨'}, 'ricard': {'nom': 'Ricard', 'happyhour': '-', 'tarif normal': '2,00\xa0‚Ç¨'}, 'aaaaaaaaaaaaa': {'nom': 'aaaaaaaaaaaaa', 'happyhour': '5,00\xa0‚Ç¨', 'tarif normal': '4,00\xa0‚Ç¨'}, 'aaaaaaaaaaaaaa': {'nom': 'aaaaaaaaaaaaaa', 'happyhour': '3,00\xa0‚Ç¨', 'tarif normal': '4,00\xa0‚Ç¨'}, 'aaaaaaaaaaaa': {'nom': 'aaaaaaaaaaaa', 'happyhour': '8,00\xa0‚Ç¨', 'tarif normal': '7,00\xa0‚Ç¨'}, 'aaaaaaaaaaaaaaaaa': {'nom': 'aaaaaaaaaaaaaaaaa', 'happyhour': '4,00\xa0‚Ç¨', 'tarif normal': '4,00\xa0‚Ç¨'}, 'aaaaaaaaaaaaaaa': {'nom': 'aaaaaaaaaaaaaaa', 'happyhour': '2,00\xa0‚Ç¨', 'tarif normal': '4,00\xa0‚Ç¨'}, 'aaaaaaaaaaaaaaaaaaa': {'nom': 'aaaaaaaaaaaaaaaaaaa', 'happyhour': '2,00\xa0‚Ç¨', 'tarif normal': '2,00\xa0‚Ç¨'}}"
The Tower of London,"39 Grande Rue Saint-Michel, 31400 Toulouse","['Lundi : 17:00 - 00:00', 'Mardi : 17:00 - 00:00', 'Mercredi : 17:00 - 02:00', 'Jeudi : 17:00 - 02:00', 'Vendredi : 17:00 - 02:00', 'Samedi : 15:00 - 03:00', 'Dimanche : 15:00 - 00:00']","['Terrasse', 'Diffusion de matchs', 'Fl√©chettes']","{'charlie wells(50cl)': {'nom': 'Charlie Wells(50cl)', 'happyhour': '5,20\xa0‚Ç¨', 'tarif normal': '-'}, 'bombardier(50cl)': {'nom': 'Bombardier(50cl)', 'happyhour': '5,50\xa0‚Ç¨', 'tarif normal': '-'}, 'aaaaaaaaaaaaaa': {'nom': 'aaaaaaaaaaaaaa', 'happyhour': '4,00\xa0‚Ç¨', 'tarif normal': '8,00\xa0‚Ç¨'}, 'aaaaaaaaaaa': {'nom': 'aaaaaaaaaaa', 'happyhour': '2,00\xa0‚Ç¨', 'tarif normal': '7,00\xa0‚Ç¨'}, 'aaaaaaaaaaaaaaaaa': {'nom': 'aaaaaaaaaaaaaaaaa', 'happyhour': '1,00\xa0‚Ç¨', 'tarif normal': '3,00\xa0‚Ç¨'}, 'aaaaaaaaaaaaaaaa': {'nom': 'aaaaaaaaaaaaaaaa', 'happyhour': '8,00\xa0‚Ç¨', 'tarif normal': '2,00\xa0‚Ç¨'}, 'aaaaaaaaaaaaa': {'nom': 'aaaaaaaaaaaaa', 'happyhour': '1,00\xa0‚Ç¨', 'tarif normal': '5,00\xa0‚Ç¨'}, 'aaaaaaaaaaaa': {'nom': 'aaaaaaaaaaaa', 'happyhour': '3,00\xa0‚Ç¨', 'tarif normal': '3,00\xa0‚Ç¨'}}"
La Cale S√®che,"41 Rue L√©on Gambetta, 31000 Toulouse","['Lundi : 18:00 - 02:00', 'Mardi : 18:00 - 02:00', 'Mercredi : 18:00 - 02:00', 'Jeudi : 18:00 - 02:00', 'Vendredi : 18:00 - 02:00', 'Samedi : 18:00 - 03:00', 'Dimanche : Ferm√©']","['Terrasse', 'Concerts / Musique Live']","{'bouteille de planteur(2cl)': {'nom': 'Bouteille de planteur(2cl)', 'happyhour': '15,00\xa0‚Ç¨', 'tarif normal': '-'}, 'bi√®re(50cl)': {'nom': 'Bi√®re(50cl)', 'happyhour': '5,00\xa0‚Ç¨', 'tarif normal': '-'}, 'aaaaaaaaaaaaaaaa': {'nom': 'aaaaaaaaaaaaaaaa', 'happyhour': '1,00\xa0‚Ç¨', 'tarif normal': '2,00\xa0‚Ç¨'}, 'aaaaaaaaaaaaaaaaaaaaa': {'nom': 'aaaaaaaaaaaaaaaaaaaaa', 'happyhour': '6,00\xa0‚Ç¨', 'tarif normal': '3,00\xa0‚Ç¨'}, 'aaaaaaaaaaaaaaaaaa': {'nom': 'aaaaaaaaaaaaaaaaaa', 'happyhour': '4,00\xa0‚Ç¨', 'tarif normal': '2,00\xa0‚Ç¨'}, 'aaaaaaaaaaaaaaaaaaaa': {'nom': 'aaaaaaaaaaaaaaaaaaaa', 'happyhour': '4,00\xa0‚Ç¨', 'tarif normal': '8,00\xa0‚Ç¨'}, 'aaaaaaaaaaaaa': {'nom': 'aaaaaaaaaaaaa', 'happyhour': '4,00\xa0‚Ç¨', 'tarif normal': '6,00\xa0‚Ç¨'}, 'aaaaaaaaaaaaaaa': {'nom': 'aaaaaaaaaaaaaaa', 'happyhour': '2,00\xa0‚Ç¨', 'tarif normal': '2,00\xa0‚Ç¨'}, 'aaaaaaaaaaaaaaaaa': {'nom': 'aaaaaaaaaaaaaaaaa', 'happyhour': '5,00\xa0‚Ç¨', 'tarif normal': '2,00\xa0‚Ç¨'}}"
G-Bar,"10 Rue du Pont Montaudran, 31000 Toulouse","['Lundi : Ferm√©', 'Mardi : 20:00 - 02:00', 'Mercredi : 20:00 - 02:00', 'Jeudi : 20:00 - 02:00', 'Vendredi : 20:00 - 02:00', 'Samedi : 20:00 - 03:00', 'Dimanche : Ferm√©']","['Terrasse', 'Restauration', 'Concerts / Musique Live']","{'bi√®re(50cl)': {'nom': 'Bi√®re(50cl)', 'happyhour': '5,00\xa0‚Ç¨', 'tarif normal': '-'}, 'cocktail': {'nom': 'Cocktail', 'happyhour': '5,00\xa0‚Ç¨', 'tarif normal': '-'}}"
Au Po√™le de la B√™te,"56 Rue d'Aubuisson, 31000 Toulouse","['Lundi : 08:00 - 02:00', 'Mardi : 08:00 - 02:00', 'Mercredi : 08:00 - 02:00', 'Jeudi : 08:00 - 02:00', 'Vendredi : 08:00 - 02:00', 'Samedi : 18:00 - 03:00', 'Dimanche : Ferm√©']","['Terrasse', 'Restauration']","{'verre de vin(17cl)': {'nom': 'Verre de vin(17cl)', 'happyhour': '2,00\xa0‚Ç¨', 'tarif normal': '-'}, 'soft': {'nom': 'Soft', 'happyhour': '2,00\xa0‚Ç¨', 'tarif normal': '-'}}"
L'Evasion,"29 Grande Rue Saint-Michel, 31400 Toulouse","['Lundi : 10:30 - 02:00', 'Mardi : 10:30 - 02:00', 'Mercredi : 10:30 - 02:00', 'Jeudi : 10:30 - 02:00', 'Vendredi : 10:30 - 02:00', 'Samedi : 16:00 - 03:00', 'Dimanche : Ferm√©']","['Restauration', 'Diffusion de matchs']","{'stella artois(50cl)': {'nom': 'Stella Artois(50cl)', 'happyhour': '3,50\xa0‚Ç¨', 'tarif normal': '-'}, 'bi√®re sp√©ciale(50cl)': {'nom': 'Bi√®re sp√©ciale(50cl)', 'happyhour': '5,00\xa0‚Ç¨', 'tarif normal': '-'}}"
Le Comptoir,"12 Avenue de Grande Bretagne, 31300 Toulouse","['Lundi : Ferm√©', 'Mardi : 17:30 - 01:00', 'Mercredi : 17:30 - 01:00', 'Jeudi : 17:30 - 02:00', 'Vendredi : 17:30 - 02:00', 'Samedi : Ferm√©', 'Dimanche : Ferm√©']","['Terrasse', 'Restauration', 'Diffusion de matchs', 'Acc√®s & Toilettes Handicap√©s', 'Concerts / Musique Live']","{'licorne(50cl)': {'nom': 'Licorne(50cl)', 'happyhour': '-', 'tarif normal': '7,00\xa0‚Ç¨'}}"
Le Bibent,"5 Place du Capitole, 31000 Toulouse","['Lundi : 09:00 - 22:30', 'Mardi : 09:00 - 22:30', 'Mercredi : 09:00 - 22:30', 'Jeudi : 09:00 - 22:30', 'Vendredi : 09:00 - 22:30', 'Samedi : 09:00 - 22:30', 'Dimanche : 09:00 - 22:30']","['Terrasse', 'Restauration']",[]
El Chivito,"15 Rue des Blanchers, 31000 Toulouse","['Lundi : Ferm√©', 'Mardi : 18:00 - 01:00', 'Mercredi : 18:00 - 01:30', 'Jeudi : 16:00 - 01:30', 'Vendredi : 16:00 - 01:30', 'Samedi : 15:00 - 02:30', 'Dimanche : Ferm√©']","['Terrasse', 'Restauration']",[]
Mucho,"9 Place du Pont Neuf, 31000 Toulouse","['Lundi : Ferm√©', 'Mardi : 09:00 - 02:00', 'Mercredi : 09:00 - 02:00', 'Jeudi : 09:00 - 02:00', 'Vendredi : 09:00 - 02:00', 'Samedi : 09:00 - 03:00', 'Dimanche : Ferm√©']","['Terrasse', 'Restauration', 'Wifi gratuit', 'Diffusion de matchs', 'üå¨ Air climatis√©']",[]
Dubliners,"46 Avenue Marcel Langer, 31400 Toulouse","['Lundi : 17:00 - 01:00', 'Mardi : 17:00 - 02:00', 'Mercredi : 17:00 - 02:00', 'Jeudi : 17:00 - 02:00', 'Vendredi : 17:00 - 02:00', 'Samedi : 18:00 - 01:00', 'Dimanche : Ferm√©']","['Terrasse', 'Restauration', 'Diffusion de matchs', 'Fl√©chettes', 'Concerts / Musique Live']",[]
Moloko,"6 Rue Joutx Aigues, 31000 Toulouse","['Lundi : 18:00 - 02:00', 'Mardi : 18:00 - 02:00', 'Mercredi : 18:00 - 02:00', 'Jeudi : 18:00 - 02:00', 'Vendredi : 18:00 - 02:00', 'Samedi : 18:00 - 03:00', 'Dimanche : Ferm√©']","['Concerts / Musique Live', 'DJ Mix']",[]
Taparcero,"63 Rue Pargamini√®res, 31000 Toulouse","['Lundi : Ferm√©', 'Mardi : 16:00 - 22:00', 'Mercredi : 16:00 - 22:00', 'Jeudi : 16:00 - 22:00', 'Vendredi : 16:00 - 22:00', 'Samedi : 16:00 - 22:00', 'Dimanche : Ferm√©']","['Restauration', 'Vente √† emporter', 'Wifi gratuit', 'Chiens accept√©s']","{'gin tonic(verre)': {'nom': 'Gin Tonic(Verre)', 'happyhour': '6,00\xa0‚Ç¨', 'tarif normal': '8,00\xa0‚Ç¨'}, 'sangria(50 cl)': {'nom': 'Sangria(50 cl)', 'happyhour': '4,00\xa0‚Ç¨', 'tarif normal': '5,00\xa0‚Ç¨'}, 'bi√®re blonde\n(50 cl)': {'nom': 'Bi√®re blonde\n(50 cl)', 'happyhour': '3,00\xa0‚Ç¨', 'tarif normal': '5,00\xa0‚Ç¨'}, 'coca-cola\n(33cl)': {'nom': 'Coca-Cola\n(33cl)', 'happyhour': '-', 'tarif normal': '2,50\xa0‚Ç¨'}, 'aaaaaaaaaaaaaa': {'nom': 'aaaaaaaaaaaaaa', 'happyhour': '6,00\xa0‚Ç¨', 'tarif normal': '8,00\xa0‚Ç¨'}, 'aaaaaaaaaaa': {'nom': 'aaaaaaaaaaa', 'happyhour': '8,00\xa0‚Ç¨', 'tarif normal': '2,00\xa0‚Ç¨'}, 'aaaaaaaaaaaaa': {'nom': 'aaaaaaaaaaaaa', 'happyhour': '2,00\xa0‚Ç¨', 'tarif normal': '7,00\xa0‚Ç¨'}, 'aaaaaaaaaaaaaaaa': {'nom': 'aaaaaaaaaaaaaaaa', 'happyhour': '5,00\xa0‚Ç¨', 'tarif normal': '7,00\xa0‚Ç¨'}, 'aaaaaaaaaaaaaaa': {'nom': 'aaaaaaaaaaaaaaa', 'happyhour': '5,00\xa0‚Ç¨', 'tarif normal': '2,00\xa0‚Ç¨'}, 'aaaaaaaaaaaa': {'nom': 'aaaaaaaaaaaa', 'happyhour': '8,00\xa0‚Ç¨', 'tarif normal': '3,00\xa0‚Ç¨'}, 'aaaaaaaaaaaaaaaaaaaa': {'nom': 'aaaaaaaaaaaaaaaaaaaa', 'happyhour': '8,00\xa0‚Ç¨', 'tarif normal': '6,00\xa0‚Ç¨'}, 'aaaaaaaaaaaaaaaaaaaaa': {'nom': 'aaaaaaaaaaaaaaaaaaaaa', 'happyhour': '5,00\xa0‚Ç¨', 'tarif normal': '3,00\xa0‚Ç¨'}}"
Chez Tonton,"16 Place Saint-Pierre, 31000 Toulouse","['Lundi : 07:00 - 02:00', 'Mardi : 07:00 - 02:00', 'Mercredi : 07:00 - 02:00', 'Jeudi : 07:00 - 02:00', 'Vendredi : 07:00 - 02:00', 'Samedi : 09:00 - 03:00', 'Dimanche : 11:00 - 02:00']","['Terrasse', 'Restauration', 'Diffusion de matchs', 'üå¨ Air climatis√©', 'Concerts / Musique Live', 'DJ Mix']","{'pastis(25cl)': {'nom': 'Pastis(25cl)', 'happyhour': '1,00\xa0‚Ç¨', 'tarif normal': '2,00\xa0‚Ç¨'}, 'kronenbourg(25cl)': {'nom': 'Kronenbourg(25cl)', 'happyhour': '1,30\xa0‚Ç¨', 'tarif normal': '3,00\xa0‚Ç¨'}, 'sirop\n(50cl)': {'nom': 'Sirop\n(50cl)', 'happyhour': '2,00\xa0‚Ç¨', 'tarif normal': '3,00\xa0‚Ç¨'}, 'soda\n(50cl)': {'nom': 'Soda\n(50cl)', 'happyhour': '2,50\xa0‚Ç¨', 'tarif normal': '3,50\xa0‚Ç¨'}, 'aaaaaaaaaaaa': {'nom': 'aaaaaaaaaaaa', 'happyhour': '6,00\xa0‚Ç¨', 'tarif normal': '2,00\xa0‚Ç¨'}, 'aaaaaaaaaaaaa': {'nom': 'aaaaaaaaaaaaa', 'happyhour': '6,00\xa0‚Ç¨', 'tarif normal': '2,00\xa0‚Ç¨'}, 'aaaaaaaaaaaaaaaa': {'nom': 'aaaaaaaaaaaaaaaa', 'happyhour': '7,00\xa0‚Ç¨', 'tarif normal': '4,00\xa0‚Ç¨'}, 'aaaaaaaaaaaaaaaaaa': {'nom': 'aaaaaaaaaaaaaaaaaa', 'happyhour': '5,00\xa0‚Ç¨', 'tarif normal': '6,00\xa0‚Ç¨'}, 'aaaaaaaaaaaaaaaaa': {'nom': 'aaaaaaaaaaaaaaaaa', 'happyhour': '3,00\xa0‚Ç¨', 'tarif normal': '4,00\xa0‚Ç¨'}}"
Wanted Jack Saloon,"2 Rue Raymond IV, 31000 Toulouse","['Lundi : Ferm√©', 'Mardi : 17:00 - 02:00', 'Mercredi : 17:00 - 02:00', 'Jeudi : 17:00 - 02:00', 'Vendredi : 17:00 - 02:00', 'Samedi : 17:00 - 03:00', 'Dimanche : Ferm√©']","['Terrasse', 'Restauration', 'Wifi gratuit', 'üå¨ Air climatis√©', 'Acc√®s & Toilettes Handicap√©s', 'Fl√©chettes', 'Concerts / Musique Live', 'DJ Mix']","{'bi√®re(50cl)': {'nom': 'Bi√®re(50cl)', 'happyhour': '4,00\xa0‚Ç¨', 'tarif normal': '7,00\xa0‚Ç¨'}, 'cocktail(le verre)': {'nom': 'Cocktail(le verre)', 'happyhour': '6,00\xa0‚Ç¨', 'tarif normal': '8,50\xa0‚Ç¨'}, 'bouteille de shooter\n(la bouteille)': {'nom': 'Bouteille de shooter\n(La bouteille)', 'happyhour': '25,00\xa0‚Ç¨', 'tarif normal': '30,00\xa0‚Ç¨'}, 'soft\n(le verre)': {'nom': 'Soft\n(Le verre)', 'happyhour': '2,00\xa0‚Ç¨', 'tarif normal': '3,00\xa0‚Ç¨'}, 'aaaaaaaaaaaaaaaaaaaaa': {'nom': 'aaaaaaaaaaaaaaaaaaaaa', 'happyhour': '1,00\xa0‚Ç¨', 'tarif normal': '6,00\xa0‚Ç¨'}, 'aaaaaaaaaaa': {'nom': 'aaaaaaaaaaa', 'happyhour': '4,00\xa0‚Ç¨', 'tarif normal': '8,00\xa0‚Ç¨'}, 'aaaaaaaaaaaaaaaaaa': {'nom': 'aaaaaaaaaaaaaaaaaa', 'happyhour': '1,00\xa0‚Ç¨', 'tarif normal': '2,00\xa0‚Ç¨'}, 'aaaaaaaaaaaa': {'nom': 'aaaaaaaaaaaa', 'happyhour': '1,00\xa0‚Ç¨', 'tarif normal': '2,00\xa0‚Ç¨'}, 'aaaaaaaaaaaaaaaaaaa': {'nom': 'aaaaaaaaaaaaaaaaaaa', 'happyhour': '4,00\xa0‚Ç¨', 'tarif normal': '1,00\xa0‚Ç¨'}, 'aaaaaaaaaaaaaaaaaaaa': {'nom': 'aaaaaaaaaaaaaaaaaaaa', 'happyhour': '5,00\xa0‚Ç¨', 'tarif normal': '6,00\xa0‚Ç¨'}, 'aaaaaaaaaaaaaaa': {'nom': 'aaaaaaaaaaaaaaa', 'happyhour': '4,00\xa0‚Ç¨', 'tarif normal': '6,00\xa0‚Ç¨'}}"
Le Petit Voisin,"37 Rue Peyroli√®res, 31000 Toulouse","['Lundi : 07:00 - 02:00', 'Mardi : 07:00 - 02:00', 'Mercredi : 07:00 - 02:00', 'Jeudi : 07:00 - 02:00', 'Vendredi : 07:00 - 02:00', 'Samedi : 07:00 - 03:00', 'Dimanche : Ferm√©']","['Terrasse', 'Vente √† emporter', 'Wifi gratuit', 'Diffusion de matchs', 'Baby-Foot', 'Flipper', 'Jeux de soci√©t√©']","{'kronenbourg(50cl)': {'nom': 'Kronenbourg(50cl)', 'happyhour': '3,00\xa0‚Ç¨', 'tarif normal': '4,00\xa0‚Ç¨'}, 'ricard(3cl)': {'nom': 'Ricard(3cl)', 'happyhour': '1,00\xa0‚Ç¨', 'tarif normal': '-'}, 'aaaaaaaaaaaa': {'nom': 'aaaaaaaaaaaa', 'happyhour': '4,00\xa0‚Ç¨', 'tarif normal': '3,00\xa0‚Ç¨'}, 'aaaaaaaaaaaaaaaaaaaa': {'nom': 'aaaaaaaaaaaaaaaaaaaa', 'happyhour': '6,00\xa0‚Ç¨', 'tarif normal': '1,00\xa0‚Ç¨'}, 'aaaaaaaaaaaaaaaaaaa': {'nom': 'aaaaaaaaaaaaaaaaaaa', 'happyhour': '4,00\xa0‚Ç¨', 'tarif normal': '8,00\xa0‚Ç¨'}, 'aaaaaaaaaaaaaa': {'nom': 'aaaaaaaaaaaaaa', 'happyhour': '4,00\xa0‚Ç¨', 'tarif normal': '2,00\xa0‚Ç¨'}, 'aaaaaaaaaaaaaaaa': {'nom': 'aaaaaaaaaaaaaaaa', 'happyhour': '1,00\xa0‚Ç¨', 'tarif normal': '6,00\xa0‚Ç¨'}, 'aaaaaaaaaaaaaaaaaa': {'nom': 'aaaaaaaaaaaaaaaaaa', 'happyhour': '7,00\xa0‚Ç¨', 'tarif normal': '6,00\xa0‚Ç¨'}, 'aaaaaaaaaaaaaaa': {'nom': 'aaaaaaaaaaaaaaa', 'happyhour': '5,00\xa0‚Ç¨', 'tarif normal': '6,00\xa0‚Ç¨'}}"
La Goulue,"43 Boulevard Lascrosses, 31000 Toulouse","['Lundi : 09:00 - 15:00', 'Mardi : 08:00 - 00:00', 'Mercredi : 08:00 - 00:00', 'Jeudi : 08:00 - 00:00', 'Vendredi : 08:00 - 00:00', 'Samedi : 10:00 - 00:00', 'Dimanche : Ferm√©']","['Terrasse', 'Restauration']","{'1664 blonde(50cl)': {'nom': '1664 Blonde(50cl)', 'happyhour': '4,00\xa0‚Ç¨', 'tarif normal': '-'}}"
Smoking Barrel,"5 Pl. Jean Diebold, 31300 Toulouse","['Lundi : 17:30 - 02:00', 'Mardi : 17:30 - 02:00', 'Mercredi : 17:30 - 02:00', 'Jeudi : 17:30 - 02:00', 'Vendredi : 17:30 - 02:00', 'Samedi : 17:30 - 03:00', 'Dimanche : 17:30 - 02:00']","['Terrasse', 'Restauration']",[]
Le Bi√®rographe,"12 Rue des Paradoux, 31000 Toulouse","['Lundi : 17:30 - 00:00', 'Mardi : 17:30 - 00:00', 'Mercredi : 17:30 - 00:00  17:30 - 02:00', 'Jeudi : 17:30 - 02:00', 'Vendredi : 17:30 - 02:00', 'Samedi : 16:30 - 02:30', 'Dimanche : Ferm√©']","['Restauration', 'Diffusion de matchs', 'Concerts / Musique Live', 'DJ Mix']",[]
L Episode,"3 Rue des Blanchers, 31000 Toulouse","['Lundi : Ferm√©', 'Mardi : 16:00 - 02:00', 'Mercredi : 16:00 - 02:00', 'Jeudi : 16:00 - 02:00', 'Vendredi : 16:00 - 02:00', 'Samedi : 14:00 - 03:00', 'Dimanche : Ferm√©']",['Restauration'],[]
The Four Monkeys,"7 Rue de Metz, 31000 Toulouse","['Lundi : 16:30 - 02:00', 'Mardi : 16:30 - 02:00', 'Mercredi : 16:30 - 02:00', 'Jeudi : 16:30 - 02:00', 'Vendredi : 16:30 - 02:00', 'Samedi : 16:30 - 03:00', 'Dimanche : 16:30 - 02:00']","['Terrasse', 'Restauration', 'Diffusion de matchs', 'Concerts / Musique Live']","{'kronenbourg(50cl)': {'nom': 'Kronenbourg(50cl)', 'happyhour': '-', 'tarif normal': '5,40\xa0‚Ç¨'}, 'carlsberg(50cl)': {'nom': 'Carlsberg(50cl)', 'happyhour': '-', 'tarif normal': '6,40\xa0‚Ç¨'}, 'grimbergen blonde\n(50cl)': {'nom': 'Grimbergen Blonde\n(50cl)', 'happyhour': '-', 'tarif normal': '7,20\xa0‚Ç¨'}, 'grimbergen ambr√©e\n(50cl)': {'nom': 'Grimbergen Ambr√©e\n(50cl)', 'happyhour': '-', 'tarif normal': '7,20\xa0‚Ç¨'}, 'aaaaaaaaaaaa': {'nom': 'aaaaaaaaaaaa', 'happyhour': '5,00\xa0‚Ç¨', 'tarif normal': '4,00\xa0‚Ç¨'}, 'aaaaaaaaaaaaaaa': {'nom': 'aaaaaaaaaaaaaaa', 'happyhour': '1,00\xa0‚Ç¨', 'tarif normal': '8,00\xa0‚Ç¨'}, 'aaaaaaaaaaaaaaaa': {'nom': 'aaaaaaaaaaaaaaaa', 'happyhour': '4,00\xa0‚Ç¨', 'tarif normal': '6,00\xa0‚Ç¨'}, 'aaaaaaaaaaaaaaaaaa': {'nom': 'aaaaaaaaaaaaaaaaaa', 'happyhour': '4,00\xa0‚Ç¨', 'tarif normal': '3,00\xa0‚Ç¨'}, 'aaaaaaaaaaaaaa': {'nom': 'aaaaaaaaaaaaaa', 'happyhour': '8,00\xa0‚Ç¨', 'tarif normal': '8,00\xa0‚Ç¨'}, 'aaaaaaaaaaaaaaaaa': {'nom': 'aaaaaaaaaaaaaaaaa', 'happyhour': '8,00\xa0‚Ç¨', 'tarif normal': '3,00\xa0‚Ç¨'}, 'aaaaaaaaaaaaaaaaaaaaa': {'nom': 'aaaaaaaaaaaaaaaaaaaaa', 'happyhour': '6,00\xa0‚Ç¨', 'tarif normal': '6,00\xa0‚Ç¨'}, 'aaaaaaaaaaaaaaaaaaa': {'nom': 'aaaaaaaaaaaaaaaaaaa', 'happyhour': '7,00\xa0‚Ç¨', 'tarif normal': '3,00\xa0‚Ç¨'}}"
Le Biergarten Toulouse,"60 Gd Rue Saint-Michel, 31400 Toulouse","['Lundi : 17:00 - 01:00', 'Mardi : 17:00 - 02:00', 'Mercredi : 17:00 - 02:00', 'Jeudi : 17:00 - 02:00', 'Vendredi : 17:00 - 02:00', 'Samedi : 17:00 - 02:00', 'Dimanche : 17:00 - 00:00']","['Terrasse', 'Restauration']","{'oktoberfest bier\n(50cl)': {'nom': 'Oktoberfest Bier\n(50cl)', 'happyhour': '-', 'tarif normal': '7,00\xa0‚Ç¨'}, 'munich\n(50cl)': {'nom': 'Munich\n(50cl)', 'happyhour': '-', 'tarif normal': '6,00\xa0‚Ç¨'}, 'dunkel\n(50cl)': {'nom': 'Dunkel\n(50cl)', 'happyhour': '-', 'tarif normal': '7,50\xa0‚Ç¨'}, 'saint thomas\n(50cl)': {'nom': 'Saint Thomas\n(50cl)', 'happyhour': '-', 'tarif normal': '8,00\xa0‚Ç¨'}, 'aaaaaaaaaaaa': {'nom': 'aaaaaaaaaaaa', 'happyhour': '6,00\xa0‚Ç¨', 'tarif normal': '5,00\xa0‚Ç¨'}, 'aaaaaaaaaaaaaaa': {'nom': 'aaaaaaaaaaaaaaa', 'happyhour': '6,00\xa0‚Ç¨', 'tarif normal': '4,00\xa0‚Ç¨'}, 'aaaaaaaaaaaaaaaaaaaa': {'nom': 'aaaaaaaaaaaaaaaaaaaa', 'happyhour': '2,00\xa0‚Ç¨', 'tarif normal': '2,00\xa0‚Ç¨'}, 'aaaaaaaaaaaaaaaaaaa': {'nom': 'aaaaaaaaaaaaaaaaaaa', 'happyhour': '2,00\xa0‚Ç¨', 'tarif normal': '8,00\xa0‚Ç¨'}, 'aaaaaaaaaaaaaa': {'nom': 'aaaaaaaaaaaaaa', 'happyhour': '4,00\xa0‚Ç¨', 'tarif normal': '6,00\xa0‚Ç¨'}, 'aaaaaaaaaaaaaaaa': {'nom': 'aaaaaaaaaaaaaaaa', 'happyhour': '3,00\xa0‚Ç¨', 'tarif normal': '4,00\xa0‚Ç¨'}, 'aaaaaaaaaaaaaaaaaaaaa': {'nom': 'aaaaaaaaaaaaaaaaaaaaa', 'happyhour': '2,00\xa0‚Ç¨', 'tarif normal': '8,00\xa0‚Ç¨'}, 'aaaaaaaaaaaaaaaaaa': {'nom': 'aaaaaaaaaaaaaaaaaa', 'happyhour': '3,00\xa0‚Ç¨', 'tarif normal': '4,00\xa0‚Ç¨'}}"
L'Ancienne Belgique,"16 Rue de la Trinit√©, 31000 Toulouse","['Lundi : 16:00 - 02:00', 'Mardi : 16:00 - 02:00', 'Mercredi : 16:00 - 02:00', 'Jeudi : 16:00 - 02:00', 'Vendredi : 16:00 - 02:00', 'Samedi : 16:00 - 02:00', 'Dimanche : Ferm√©']","['Terrasse', 'Restauration', 'Concerts / Musique Live']","{'jupiler(50cl)': {'nom': 'Jupiler(50cl)', 'happyhour': '4,00\xa0‚Ç¨', 'tarif normal': '6,00\xa0‚Ç¨'}, 'cuv√©e des trolls(50cl)': {'nom': 'Cuv√©e des Trolls(50cl)', 'happyhour': '-', 'tarif normal': '8,80\xa0‚Ç¨'}, 'triple \xa0karmeliet\n(50cl)': {'nom': 'Triple \xa0Karmeliet\n(50cl)', 'happyhour': '-', 'tarif normal': '9,90\xa0‚Ç¨'}, 'blanche\n(50cl)': {'nom': 'Blanche\n(50cl)', 'happyhour': '-', 'tarif normal': '8,00\xa0‚Ç¨'}, 'aaaaaaaaaaaaaaaaaa': {'nom': 'aaaaaaaaaaaaaaaaaa', 'happyhour': '4,00\xa0‚Ç¨', 'tarif normal': '5,00\xa0‚Ç¨'}, 'aaaaaaaaaaaaaaaaaaaaa': {'nom': 'aaaaaaaaaaaaaaaaaaaaa', 'happyhour': '8,00\xa0‚Ç¨', 'tarif normal': '1,00\xa0‚Ç¨'}, 'aaaaaaaaaaaaaaaa': {'nom': 'aaaaaaaaaaaaaaaa', 'happyhour': '3,00\xa0‚Ç¨', 'tarif normal': '1,00\xa0‚Ç¨'}, 'aaaaaaaaaaaaaaaaa': {'nom': 'aaaaaaaaaaaaaaaaa', 'happyhour': '1,00\xa0‚Ç¨', 'tarif normal': '2,00\xa0‚Ç¨'}, 'aaaaaaaaaaaaaaa': {'nom': 'aaaaaaaaaaaaaaa', 'happyhour': '3,00\xa0‚Ç¨', 'tarif normal': '8,00\xa0‚Ç¨'}, 'aaaaaaaaaaaa': {'nom': 'aaaaaaaaaaaa', 'happyhour': '4,00\xa0‚Ç¨', 'tarif normal': '4,00\xa0‚Ç¨'}, 'aaaaaaaaaaaaa': {'nom': 'aaaaaaaaaaaaa', 'happyhour': '5,00\xa0‚Ç¨', 'tarif normal': '5,00\xa0‚Ç¨'}}"
Bar Des Z√©s,"49 Rue Pargamini√®res, 31000 Toulouse","['Lundi : 18:00 - 02:00', 'Mardi : 18:00 - 02:00', 'Mercredi : 18:00 - 02:00', 'Jeudi : 18:00 - 02:00', 'Vendredi : 18:00 - 02:00', 'Samedi : 18:00 - 03:00', 'Dimanche : Ferm√©']","['Terrasse', 'Restauration', 'Diffusion de matchs', 'Fl√©chettes']","{'licorne blonde\n(50cl)': {'nom': 'Licorne Blonde\n(50cl)', 'happyhour': '3,50\xa0‚Ç¨', 'tarif normal': '5,50\xa0‚Ç¨'}, 'slash mango(50cl)': {'nom': 'Slash Mango(50cl)', 'happyhour': '-', 'tarif normal': '7,00\xa0‚Ç¨'}, 'cidre henry weston\n(50cl)': {'nom': 'Cidre Henry Weston\n(50cl)', 'happyhour': '-', 'tarif normal': '7,00\xa0‚Ç¨'}, 'skoll\n(33cl)': {'nom': 'Skoll\n(33cl)', 'happyhour': '-', 'tarif normal': '4,00\xa0‚Ç¨'}, 'aaaaaaaaaaaaaaaaaaaaa': {'nom': 'aaaaaaaaaaaaaaaaaaaaa', 'happyhour': '2,00\xa0‚Ç¨', 'tarif normal': '6,00\xa0‚Ç¨'}, 'aaaaaaaaaaa': {'nom': 'aaaaaaaaaaa', 'happyhour': '2,00\xa0‚Ç¨', 'tarif normal': '4,00\xa0‚Ç¨'}, 'aaaaaaaaaaaaaaaaa': {'nom': 'aaaaaaaaaaaaaaaaa', 'happyhour': '5,00\xa0‚Ç¨', 'tarif normal': '4,00\xa0‚Ç¨'}, 'aaaaaaaaaaaaaaaaaaaa': {'nom': 'aaaaaaaaaaaaaaaaaaaa', 'happyhour': '2,00\xa0‚Ç¨', 'tarif normal': '8,00\xa0‚Ç¨'}, 'aaaaaaaaaaaaaaaaaa': {'nom': 'aaaaaaaaaaaaaaaaaa', 'happyhour': '6,00\xa0‚Ç¨', 'tarif normal': '1,00\xa0‚Ç¨'}, 'aaaaaaaaaaaa': {'nom': 'aaaaaaaaaaaa', 'happyhour': '7,00\xa0‚Ç¨', 'tarif normal': '4,00\xa0‚Ç¨'}}"
Le Carbet d'Oc,"4 Rue des Filatiers, 31000 Toulouse","['Lundi : 12:00 - 00:00', 'Mardi : 12:00 - 00:00', 'Mercredi : 12:00 - 00:00', 'Jeudi : 12:00 - 01:00', 'Vendredi : 12:00 - 02:00', 'Samedi : 12:00 - 03:00', 'Dimanche : 12:00 - 00:00']","['Terrasse', 'Restauration', 'Diffusion de matchs', 'Concerts / Musique Live', 'DJ Mix']","{'pelforth(50cl)': {'nom': 'Pelforth(50cl)', 'happyhour': '4,00\xa0‚Ç¨', 'tarif normal': '6,00\xa0‚Ç¨'}, 'mort subite white lambic(50cl)': {'nom': 'Mort Subite White Lambic(50cl)', 'happyhour': '6,00\xa0‚Ç¨', 'tarif normal': '7,50\xa0‚Ç¨'}, 'heineken\n(33cl)': {'nom': 'Heineken\n(33cl)', 'happyhour': '-', 'tarif normal': '5,50\xa0‚Ç¨'}, 'mort subite kriek lambic\n(33cl)': {'nom': 'Mort Subite Kriek Lambic\n(33cl)', 'happyhour': '-', 'tarif normal': '6,00\xa0‚Ç¨'}, 'aaaaaaaaaaaa': {'nom': 'aaaaaaaaaaaa', 'happyhour': '2,00\xa0‚Ç¨', 'tarif normal': '7,00\xa0‚Ç¨'}, 'aaaaaaaaaaaaaaaa': {'nom': 'aaaaaaaaaaaaaaaa', 'happyhour': '7,00\xa0‚Ç¨', 'tarif normal': '6,00\xa0‚Ç¨'}, 'aaaaaaaaaaaaaaaaa': {'nom': 'aaaaaaaaaaaaaaaaa', 'happyhour': '2,00\xa0‚Ç¨', 'tarif normal': '6,00\xa0‚Ç¨'}, 'aaaaaaaaaaaaaaaaaaaa': {'nom': 'aaaaaaaaaaaaaaaaaaaa', 'happyhour': '3,00\xa0‚Ç¨', 'tarif normal': '7,00\xa0‚Ç¨'}}"
Pub O'Clock,"21 Boulevard de Strasbourg, 31000 Toulouse","['Lundi : 15:00 - 02:00', 'Mardi : 15:00 - 02:00', 'Mercredi : 15:00 - 02:00', 'Jeudi : 15:00 - 02:00', 'Vendredi : 10:00 - 02:00', 'Samedi : 10:00 - 03:00', 'Dimanche : 10:00 - 02:00']","['Terrasse', 'Restauration', 'Diffusion de matchs', 'Concerts / Musique Live']","{'paulaner(50cl)': {'nom': 'Paulaner(50cl)', 'happyhour': '4,00\xa0‚Ç¨', 'tarif normal': '-'}, 'maredsous blonde(50cl)': {'nom': 'Maredsous Blonde(50cl)', 'happyhour': '4,50\xa0‚Ç¨', 'tarif normal': '-'}, 'paulaner salvator\n(50cl)': {'nom': 'Paulaner Salvator\n(50cl)', 'happyhour': '4,50\xa0‚Ç¨', 'tarif normal': '-'}, 'brewdog punk ipa\n(50cl)': {'nom': 'Brewdog Punk Ipa\n(50cl)', 'happyhour': '5,00\xa0‚Ç¨', 'tarif normal': '-'}, 'aaaaaaaaaaaa': {'nom': 'aaaaaaaaaaaa', 'happyhour': '6,00\xa0‚Ç¨', 'tarif normal': '7,00\xa0‚Ç¨'}, 'aaaaaaaaaaaaa': {'nom': 'aaaaaaaaaaaaa', 'happyhour': '1,00\xa0‚Ç¨', 'tarif normal': '3,00\xa0‚Ç¨'}, 'aaaaaaaaaaaaaaaaaaa': {'nom': 'aaaaaaaaaaaaaaaaaaa', 'happyhour': '3,00\xa0‚Ç¨', 'tarif normal': '8,00\xa0‚Ç¨'}, 'aaaaaaaaaaa': {'nom': 'aaaaaaaaaaa', 'happyhour': '5,00\xa0‚Ç¨', 'tarif normal': '1,00\xa0‚Ç¨'}, 'aaaaaaaaaaaaaaaaaaaa': {'nom': 'aaaaaaaaaaaaaaaaaaaa', 'happyhour': '5,00\xa0‚Ç¨', 'tarif normal': '6,00\xa0‚Ç¨'}, 'aaaaaaaaaaaaaa': {'nom': 'aaaaaaaaaaaaaa', 'happyhour': '7,00\xa0‚Ç¨', 'tarif normal': '3,00\xa0‚Ç¨'}, 'aaaaaaaaaaaaaaaaaa': {'nom': 'aaaaaaaaaaaaaaaaaa', 'happyhour': '6,00\xa0‚Ç¨', 'tarif normal': '1,00\xa0‚Ç¨'}, 'aaaaaaaaaaaaaaaa': {'nom': 'aaaaaaaaaaaaaaaa', 'happyhour': '3,00\xa0‚Ç¨', 'tarif normal': '4,00\xa0‚Ç¨'}}"
The George and Dragon,"1 Place du Peyrou, 31000 Toulouse","['Lundi : 16:00 - 02:00', 'Mardi : 16:00 - 02:00', 'Mercredi : 16:00 - 02:00', 'Jeudi : 16:00 - 02:00', 'Vendredi : 16:00 - 02:00', 'Samedi : 15:00 - 03:00', 'Dimanche : 15:00 - 01:00']","['Terrasse', 'Restauration', 'Diffusion de matchs', 'Concerts / Musique Live', 'DJ Mix']","{'john bull classic\n(50cl)': {'nom': 'John Bull Classic\n(50cl)', 'happyhour': '5,20\xa0‚Ç¨', 'tarif normal': '-'}, 'charlie dry hopped lager\n(50cl)': {'nom': 'Charlie Dry Hopped Lager\n(50cl)', 'happyhour': '6,20\xa0‚Ç¨', 'tarif normal': '-'}, 'charlie triple hopped ipa\n(50cl)': {'nom': 'Charlie Triple Hopped IPA\n(50cl)', 'happyhour': '6,20\xa0‚Ç¨', 'tarif normal': '-'}, 'wit a minute\n(50cl)': {'nom': 'Wit a Minute\n(50cl)', 'happyhour': '6,50\xa0‚Ç¨', 'tarif normal': '-'}, 'aaaaaaaaaaaaaaaa': {'nom': 'aaaaaaaaaaaaaaaa', 'happyhour': '5,00\xa0‚Ç¨', 'tarif normal': '1,00\xa0‚Ç¨'}, 'aaaaaaaaaaaaaaaaaaa': {'nom': 'aaaaaaaaaaaaaaaaaaa', 'happyhour': '5,00\xa0‚Ç¨', 'tarif normal': '4,00\xa0‚Ç¨'}, 'aaaaaaaaaaaaaaaaaa': {'nom': 'aaaaaaaaaaaaaaaaaa', 'happyhour': '4,00\xa0‚Ç¨', 'tarif normal': '1,00\xa0‚Ç¨'}, 'aaaaaaaaaaaaaaaaaaaa': {'nom': 'aaaaaaaaaaaaaaaaaaaa', 'happyhour': '8,00\xa0‚Ç¨', 'tarif normal': '7,00\xa0‚Ç¨'}, 'aaaaaaaaaaaaa': {'nom': 'aaaaaaaaaaaaa', 'happyhour': '5,00\xa0‚Ç¨', 'tarif normal': '6,00\xa0‚Ç¨'}}"
The Melting Pot Pub,"26 Boulevard de Strasbourg, 31000 Toulouse","['Lundi : 12:00 - 02:00', 'Mardi : 12:00 - 02:00', 'Mercredi : 12:00 - 02:00', 'Jeudi : 12:00 - 02:00', 'Vendredi : 12:00 - 02:00', 'Samedi : 12:00 - 03:00', 'Dimanche : 12:00 - 02:00']","['Terrasse', 'Wifi gratuit', 'Diffusion de matchs', 'üå¨ Air climatis√©', 'Acc√®s & Toilettes Handicap√©s', 'Baby-Foot', 'Chiens accept√©s']","{'stella artois(50cl)': {'nom': 'Stella Artois(50cl)', 'happyhour': '4,70\xa0‚Ç¨', 'tarif normal': '6,20\xa0‚Ç¨'}, '1664 blanche(50cl)': {'nom': '1664 Blanche(50cl)', 'happyhour': '5,40\xa0‚Ç¨', 'tarif normal': '6,90\xa0‚Ç¨'}, 'leffe blonde\n(50cl)': {'nom': 'Leffe Blonde\n(50cl)', 'happyhour': '6,70\xa0‚Ç¨', 'tarif normal': '8,20\xa0‚Ç¨'}, 'guinness\n(50cl)': {'nom': 'Guinness\n(50cl)', 'happyhour': '6,40\xa0‚Ç¨', 'tarif normal': '7,90\xa0‚Ç¨'}, 'aaaaaaaaaaaa': {'nom': 'aaaaaaaaaaaa', 'happyhour': '2,00\xa0‚Ç¨', 'tarif normal': '5,00\xa0‚Ç¨'}, 'aaaaaaaaaaaaaaaaaaa': {'nom': 'aaaaaaaaaaaaaaaaaaa', 'happyhour': '6,00\xa0‚Ç¨', 'tarif normal': '3,00\xa0‚Ç¨'}, 'aaaaaaaaaaaaaaaaaa': {'nom': 'aaaaaaaaaaaaaaaaaa', 'happyhour': '3,00\xa0‚Ç¨', 'tarif normal': '8,00\xa0‚Ç¨'}, 'aaaaaaaaaaaaaaaaaaaa': {'nom': 'aaaaaaaaaaaaaaaaaaaa', 'happyhour': '8,00\xa0‚Ç¨', 'tarif normal': '7,00\xa0‚Ç¨'}, 'aaaaaaaaaaaaaa': {'nom': 'aaaaaaaaaaaaaa', 'happyhour': '6,00\xa0‚Ç¨', 'tarif normal': '3,00\xa0‚Ç¨'}, 'aaaaaaaaaaaaaaa': {'nom': 'aaaaaaaaaaaaaaa', 'happyhour': '1,00\xa0‚Ç¨', 'tarif normal': '3,00\xa0‚Ç¨'}, 'aaaaaaaaaaaaaaaa': {'nom': 'aaaaaaaaaaaaaaaa', 'happyhour': '3,00\xa0‚Ç¨', 'tarif normal': '2,00\xa0‚Ç¨'}}"
Les Tricheurs,"34 Rue des Blanchers, 31000 Toulouse","['Lundi : 17:00 - 01:00', 'Mardi : 17:00 - 01:00', 'Mercredi : 17:00 - 01:00', 'Jeudi : 17:00 - 01:00', 'Vendredi : 17:00 - 01:00', 'Samedi : 15:00 - 02:00', 'Dimanche : 15:00 - 02:00']",['Jeux de soci√©t√©'],"{'licorne(50cl)': {'nom': 'Licorne(50cl)', 'happyhour': '5,00\xa0‚Ç¨', 'tarif normal': '-'}, 'bi√®re au beurre\n(50cl)': {'nom': 'Bi√®re au Beurre\n(50cl)', 'happyhour': '7,00\xa0‚Ç¨', 'tarif normal': '-'}, 'cidre au beurre\n(50cl)': {'nom': 'Cidre au Beurre\n(50cl)', 'happyhour': '4,00\xa0‚Ç¨', 'tarif normal': '-'}, 'aaaaaaaaaaaa': {'nom': 'aaaaaaaaaaaa', 'happyhour': '2,00\xa0‚Ç¨', 'tarif normal': '5,00\xa0‚Ç¨'}, 'aaaaaaaaaaa': {'nom': 'aaaaaaaaaaa', 'happyhour': '5,00\xa0‚Ç¨', 'tarif normal': '7,00\xa0‚Ç¨'}, 'aaaaaaaaaaaaaaaaaaa': {'nom': 'aaaaaaaaaaaaaaaaaaa', 'happyhour': '4,00\xa0‚Ç¨', 'tarif normal': '2,00\xa0‚Ç¨'}, 'aaaaaaaaaaaaaaaaa': {'nom': 'aaaaaaaaaaaaaaaaa', 'happyhour': '6,00\xa0‚Ç¨', 'tarif normal': '6,00\xa0‚Ç¨'}, 'aaaaaaaaaaaaaaaaaaaa': {'nom': 'aaaaaaaaaaaaaaaaaaaa', 'happyhour': '6,00\xa0‚Ç¨', 'tarif normal': '2,00\xa0‚Ç¨'}}"
Baraka Jeux,"1 Boulevard de la Gare, 31500 Toulouse","['Lundi : 17:00 - 01:00', 'Mardi : 17:00 - 01:00', 'Mercredi : 17:00 - 01:00', 'Jeudi : 17:00 - 01:00', 'Vendredi : 17:00 - 02:00', 'Samedi : 14:00 - 02:00', 'Dimanche : 14:00 - 00:00']","['Terrasse', 'Restauration']","{'stella artois(50cl)': {'nom': 'Stella Artois(50cl)', 'happyhour': '3,90\xa0‚Ç¨', 'tarif normal': '-'}, 'hoegaarden blanche(50cl)': {'nom': 'Hoegaarden Blanche(50cl)', 'happyhour': '4,90\xa0‚Ç¨', 'tarif normal': '-'}, 'triple \xa0karmeliet\n(50cl)': {'nom': 'Triple \xa0Karmeliet\n(50cl)', 'happyhour': '5,60\xa0‚Ç¨', 'tarif normal': '-'}, 'picon\n(50cl)': {'nom': 'Picon\n(50cl)', 'happyhour': '5,00\xa0‚Ç¨', 'tarif normal': '-'}, 'aaaaaaaaaaa': {'nom': 'aaaaaaaaaaa', 'happyhour': '1,00\xa0‚Ç¨', 'tarif normal': '7,00\xa0‚Ç¨'}, 'aaaaaaaaaaaaaaaaaaaa': {'nom': 'aaaaaaaaaaaaaaaaaaaa', 'happyhour': '4,00\xa0‚Ç¨', 'tarif normal': '6,00\xa0‚Ç¨'}, 'aaaaaaaaaaaaaaaaaaaaa': {'nom': 'aaaaaaaaaaaaaaaaaaaaa', 'happyhour': '6,00\xa0‚Ç¨', 'tarif normal': '5,00\xa0‚Ç¨'}, 'aaaaaaaaaaaaa': {'nom': 'aaaaaaaaaaaaa', 'happyhour': '2,00\xa0‚Ç¨', 'tarif normal': '1,00\xa0‚Ç¨'}, 'aaaaaaaaaaaaaaaaaaa': {'nom': 'aaaaaaaaaaaaaaaaaaa', 'happyhour': '4,00\xa0‚Ç¨', 'tarif normal': '8,00\xa0‚Ç¨'}, 'aaaaaaaaaaaa': {'nom': 'aaaaaaaaaaaa', 'happyhour': '3,00\xa0‚Ç¨', 'tarif normal': '6,00\xa0‚Ç¨'}}"
Dada,"27 Avenue Honor√© Serres, 31000 Toulouse","['Lundi : 18:00 - 00:00', 'Mardi : 18:00 - 02:00', 'Mercredi : 18:00 - 02:00', 'Jeudi : 18:00 - 02:00', 'Vendredi : 18:00 - 02:00', 'Samedi : 18:00 - 03:00', 'Dimanche : Ferm√©']","['Terrasse', 'Restauration', 'Wifi gratuit', 'Acc√®s & Toilettes Handicap√©s', 'Concerts / Musique Live', 'DJ Mix', 'Chiens accept√©s']","{'mutzig(50cl)': {'nom': 'Mutzig(50cl)', 'happyhour': '4,00\xa0‚Ç¨', 'tarif normal': '-'}, 'picon(50cl)': {'nom': 'Picon(50cl)', 'happyhour': '5,00\xa0‚Ç¨', 'tarif normal': '-'}, 'vin blanc\n(12.5cl)': {'nom': 'Vin Blanc\n(12.5cl)', 'happyhour': '2,00\xa0‚Ç¨', 'tarif normal': '-'}, 'vin rouge\n(12.5cl)': {'nom': 'Vin Rouge\n(12.5cl)', 'happyhour': '2,00\xa0‚Ç¨', 'tarif normal': '-'}, 'aaaaaaaaaaaaaa': {'nom': 'aaaaaaaaaaaaaa', 'happyhour': '4,00\xa0‚Ç¨', 'tarif normal': '1,00\xa0‚Ç¨'}, 'aaaaaaaaaaaaaaa': {'nom': 'aaaaaaaaaaaaaaa', 'happyhour': '4,00\xa0‚Ç¨', 'tarif normal': '1,00\xa0‚Ç¨'}, 'aaaaaaaaaaaa': {'nom': 'aaaaaaaaaaaa', 'happyhour': '4,00\xa0‚Ç¨', 'tarif normal': '5,00\xa0‚Ç¨'}, 'aaaaaaaaaaaaaaaaaa': {'nom': 'aaaaaaaaaaaaaaaaaa', 'happyhour': '1,00\xa0‚Ç¨', 'tarif normal': '2,00\xa0‚Ç¨'}}"
Le Filochard,"8 Place du Pont Neuf, 31000 Toulouse","['Lundi : 17:00 - 02:00', 'Mardi : 17:00 - 02:00', 'Mercredi : 17:00 - 02:00', 'Jeudi : 17:00 - 02:00', 'Vendredi : 17:00 - 02:00', 'Samedi : 17:00 - 03:00', 'Dimanche : 17:00 - 02:00']","['Terrasse', 'Concerts / Musique Live', 'DJ Mix', 'Chiens accept√©s', 'Jeux de soci√©t√©']","{'bi√®re blonde(50cl)': {'nom': 'Bi√®re blonde(50cl)', 'happyhour': '3,00\xa0‚Ç¨', 'tarif normal': '-'}, 'picon(50cl)': {'nom': 'Picon(50cl)', 'happyhour': '4,00\xa0‚Ç¨', 'tarif normal': '-'}, 'double suze': {'nom': 'Double Suze', 'happyhour': '4,00\xa0‚Ç¨', 'tarif normal': '-'}, 'double pastis': {'nom': 'Double Pastis', 'happyhour': '2,20\xa0‚Ç¨', 'tarif normal': '-'}, 'aaaaaaaaaaaaaaaaaaaa': {'nom': 'aaaaaaaaaaaaaaaaaaaa', 'happyhour': '1,00\xa0‚Ç¨', 'tarif normal': '2,00\xa0‚Ç¨'}, 'aaaaaaaaaaaaa': {'nom': 'aaaaaaaaaaaaa', 'happyhour': '5,00\xa0‚Ç¨', 'tarif normal': '8,00\xa0‚Ç¨'}, 'aaaaaaaaaaaaaaaaaaa': {'nom': 'aaaaaaaaaaaaaaaaaaa', 'happyhour': '8,00\xa0‚Ç¨', 'tarif normal': '4,00\xa0‚Ç¨'}, 'aaaaaaaaaaaaaaaa': {'nom': 'aaaaaaaaaaaaaaaa', 'happyhour': '4,00\xa0‚Ç¨', 'tarif normal': '2,00\xa0‚Ç¨'}, 'aaaaaaaaaaaaaaaaaaaaa': {'nom': 'aaaaaaaaaaaaaaaaaaaaa', 'happyhour': '3,00\xa0‚Ç¨', 'tarif normal': '1,00\xa0‚Ç¨'}, 'aaaaaaaaaaaa': {'nom': 'aaaaaaaaaaaa', 'happyhour': '8,00\xa0‚Ç¨', 'tarif normal': '7,00\xa0‚Ç¨'}, 'aaaaaaaaaaaaaaaaa': {'nom': 'aaaaaaaaaaaaaaaaa', 'happyhour': '3,00\xa0‚Ç¨', 'tarif normal': '7,00\xa0‚Ç¨'}}"
